time,EAST_perc,NORTH_perc,SOUTH_perc,WEST_perc,CENTRAL_perc
2017-04-01,0.391304347826087,0.2608695652173913,0.14381270903010032,0.1806020066889632,0.023411371237458192
2017-04-03,0.23809523809523808,0.38095238095238093,0.047619047619047616,0.2857142857142857,0.047619047619047616
2017-04-04,0.30434782608695654,0.2608695652173913,0.043478260869565216,0.34782608695652173,0.043478260869565216
2017-04-05,0.2777777777777778,0.08366013071895424,0.2647058823529412,0.36013071895424836,0.013725490196078431
2017-04-07,0.27069351230425054,0.07084265473527218,0.23415361670395227,0.40119313944817303,0.023117076808351976
2017-04-12,0.32697547683923706,0.07220708446866485,0.2608991825613079,0.32629427792915533,0.013623978201634877
2017-04-13,0.31343283582089554,0.08283582089552238,0.2664179104477612,0.32238805970149254,0.014925373134328358
2017-04-14,0.27518796992481204,0.09097744360902256,0.2548872180451128,0.3631578947368421,0.015789473684210527
2017-04-15,0.33537206931702346,0.0326197757390418,0.24974515800203873,0.3730886850152905,0.009174311926605505
2017-04-16,0.3765281173594132,0.26894865525672373,0.10513447432762836,0.2200488997555012,0.029339853300733496
2017-04-17,0.2976897689768977,0.07260726072607261,0.2706270627062706,0.3485148514851485,0.010561056105610561
2017-04-18,0.2926490984743412,0.05339805825242718,0.268377253814147,0.38210818307905686,0.0034674063800277394
2017-04-19,0.2984330484330484,0.07621082621082621,0.26353276353276356,0.3475783475783476,0.014245014245014245
2017-04-20,0.2548148148148148,0.08592592592592592,0.2644444444444444,0.38814814814814813,0.006666666666666667
2017-04-21,0.31798561151079136,0.08057553956834532,0.26762589928057556,0.31798561151079136,0.015827338129496403
2017-04-22,0.2490566037735849,0.017924528301886792,0.29339622641509433,0.42830188679245285,0.011320754716981131
2017-04-23,0.34210526315789475,0.16052631578947368,0.1763157894736842,0.2868421052631579,0.034210526315789476
2017-04-24,0.24969249692496925,0.07072570725707257,0.2644526445264453,0.4046740467404674,0.010455104551045511
2017-04-25,0.2806896551724138,0.06413793103448276,0.20896551724137932,0.4324137931034483,0.013793103448275862
2017-04-26,0.2729624838292367,0.0646830530401035,0.2335058214747736,0.41979301423027165,0.009055627425614488
2017-04-27,0.2409356725146199,0.049707602339181284,0.20526315789473684,0.49005847953216375,0.014035087719298246
2017-04-28,0.21172807472755578,0.07628437986507525,0.22418266735858847,0.478463933575506,0.00934094447327452
2017-04-29,0.2974169741697417,0.033210332103321034,0.27601476014760146,0.3808118081180812,0.012546125461254613
2017-04-30,0.28028430160692214,0.09734239802224968,0.24273794808405438,0.36248454882571074,0.01715080346106304
2017-05-01,0.2860054347826087,0.04619565217391304,0.2703804347826087,0.37839673913043476,0.019021739130434784
2017-05-02,0.40404040404040403,0.18686868686868688,0.2222222222222222,0.18181818181818182,0.005050505050505051
2017-05-03,0.40789473684210525,0.25,0.18421052631578946,0.14473684210526316,0.013157894736842105
2017-05-04,0.4,0.3393939393939394,0.07878787878787878,0.15757575757575756,0.024242424242424242
2017-05-05,0.28856328856328856,0.07610907610907611,0.245014245014245,0.3772893772893773,0.013024013024013023
2017-05-07,0.23708920187793428,0.06103286384976526,0.25586854460093894,0.431924882629108,0.014084507042253521
2017-05-08,0.0,0.0,1.0,0.0,0.0
2017-05-09,0.19607843137254902,0.11764705882352941,0.37254901960784315,0.3137254901960784,0.0
2017-05-10,0.27876106194690264,0.09039190897597978,0.24462705436156765,0.36788874841972186,0.018331226295828066
2017-05-11,0.27406886858749124,0.06886858749121574,0.25368938861560086,0.39142656359803235,0.011946591707659873
2017-05-12,0.279191128506197,0.07501630789302022,0.2563600782778865,0.3750815394651011,0.014350945857795172
2017-05-13,0.256,0.024888888888888887,0.2906666666666667,0.41333333333333333,0.015111111111111112
2017-05-14,0.3609467455621302,0.2485207100591716,0.15384615384615385,0.20118343195266272,0.03550295857988166
2017-05-15,0.28447778418926717,0.08482400461627236,0.241200230813618,0.37564916330063475,0.013848817080207732
2017-05-16,0.292,0.056666666666666664,0.23,0.41,0.011333333333333334
2017-05-17,0.3137254901960784,0.08700980392156862,0.22977941176470587,0.35110294117647056,0.01838235294117647
2017-05-18,0.2699346405228758,0.08888888888888889,0.21830065359477124,0.4065359477124183,0.016339869281045753
2017-05-19,0.2652284263959391,0.08248730964467005,0.2817258883248731,0.3629441624365482,0.007614213197969543
2017-05-20,0.26557377049180325,0.03442622950819672,0.2778688524590164,0.41065573770491803,0.011475409836065573
2017-05-21,0.3646288209606987,0.28602620087336245,0.12663755458515283,0.20305676855895197,0.019650655021834062
2017-05-22,0.30584192439862545,0.07789232531500573,0.2588774341351661,0.34936998854524626,0.008018327605956471
2017-05-23,0.2674922600619195,0.06501547987616099,0.22229102167182663,0.43034055727554177,0.014860681114551083
2017-05-24,0.2766481823783118,0.08379544054220579,0.25508317929759705,0.37276648182378314,0.01170671595810228
2017-05-25,0.24656638325703073,0.07782864617396991,0.22694571615434925,0.4329627207325049,0.015696533682145193
2017-05-26,0.29174543163201005,0.07939508506616257,0.2262129804662886,0.387523629489603,0.015122873345935728
2017-05-27,0.2748629600626468,0.033672670321064996,0.2662490211433046,0.41503523884103366,0.010180109631949883
2017-05-28,0.3606870229007634,0.2480916030534351,0.15839694656488548,0.20801526717557253,0.02480916030534351
2017-05-29,0.28940568475452194,0.07855297157622738,0.25788113695090437,0.35607235142118865,0.01808785529715762
2017-05-30,0.2644341801385681,0.06062355658198614,0.2702078521939954,0.3874133949191686,0.017321016166281754
2017-05-31,0.26884272997032643,0.0841246290801187,0.2341246290801187,0.4002967359050445,0.012611275964391691
2017-06-01,0.6666666666666666,0.0,0.3333333333333333,0.0,0.0
2017-06-02,0.2554517133956386,0.0778816199376947,0.27414330218068533,0.3862928348909657,0.006230529595015576
2017-06-03,0.30784708249496984,0.08048289738430583,0.22937625754527163,0.3641851106639839,0.018108651911468814
2017-06-04,0.25245098039215685,0.0661764705882353,0.25,0.41911764705882354,0.012254901960784314
2017-06-05,0.2783018867924528,0.0589622641509434,0.23231132075471697,0.41450471698113206,0.015919811320754717
2017-06-06,0.25906735751295334,0.05699481865284974,0.19689119170984457,0.47150259067357514,0.015544041450777202
2017-06-07,0.27534562211981567,0.07373271889400922,0.26152073732718895,0.3813364055299539,0.008064516129032258
2017-06-08,0.26782006920415224,0.06228373702422145,0.28096885813148786,0.3737024221453287,0.01522491349480969
2017-06-09,0.29597282872392044,0.0732654051431344,0.26249393498301793,0.35953420669577874,0.008733624454148471
2017-06-10,0.30277598450613297,0.023886378308586184,0.26145900581020015,0.4002582311168496,0.011620400258231117
2017-06-11,0.30884557721139433,0.24737631184407796,0.17391304347826086,0.23388305847076463,0.035982008995502246
2017-06-12,0.28125,0.07123161764705882,0.265625,0.3681066176470588,0.013786764705882353
2017-06-13,0.26622718052738337,0.058823529411764705,0.25405679513184587,0.40466531440162273,0.016227180527383367
2017-06-14,0.27228446176327326,0.07939600584510473,0.28153921091086215,0.3477837311251827,0.018996590355577204
2017-06-15,0.2665985699693565,0.07150153217568948,0.254341164453524,0.39989785495403474,0.007660878447395302
2017-06-16,0.2738038844149692,0.06916153481762198,0.2491710090004737,0.394126006631928,0.013737565135007106
2017-06-17,0.2717889908256881,0.028669724770642203,0.23394495412844038,0.45240825688073394,0.013188073394495414
2017-06-18,0.3314447592067989,0.23371104815864022,0.11898016997167139,0.29745042492917845,0.018413597733711047
2017-06-19,0.2808022922636103,0.06139991813344249,0.22881702824396233,0.41670077773229636,0.012279983626688497
2017-06-20,0.2468265162200282,0.05312646920545369,0.230841560883874,0.4541607898448519,0.015044663845792195
2017-06-21,0.26872619551417687,0.0664409648751587,0.21371138383410918,0.4396953025814642,0.011426153195090986
2017-06-22,0.26733466933867733,0.05330661322645291,0.20801603206412825,0.46372745490981965,0.007615230460921844
2017-06-23,0.28533535430087154,0.05608184918529746,0.1921182266009852,0.45585449033724895,0.010610079575596816
2017-06-24,0.31835786212238576,0.022850503485670023,0.1506584043377227,0.5007745933384973,0.007358636715724245
2017-06-25,0.3928354584092289,0.11293260473588343,0.10261080752884032,0.37644201578627806,0.015179113539769277
2017-06-26,0.27846674182638104,0.08680947012401354,0.20293122886133033,0.41262683201803835,0.019165727170236752
2017-06-27,0.34935400516795867,0.0640826873385013,0.1813953488372093,0.3850129198966408,0.020155038759689922
2017-06-28,0.349169741697417,0.08025830258302583,0.20387453874538744,0.35424354243542433,0.012453874538745387
2017-06-29,0.306416412047141,0.06940200785683108,0.22828459188127456,0.37756438236577916,0.018332605848974247
2017-06-30,0.2765128205128205,0.09456410256410257,0.24964102564102564,0.36625641025641026,0.013025641025641025
2017-07-01,0.2578685808945334,0.09939260077305356,0.23854224185532855,0.39039204859193816,0.013804527885146328
2017-07-02,0.4,0.0,0.0,0.6,0.0
2017-07-05,0.2523006134969325,0.04294478527607362,0.25076687116564417,0.4378834355828221,0.016104294478527608
2017-07-06,0.2857142857142857,0.17532467532467533,0.12337662337662338,0.4025974025974026,0.012987012987012988
2017-07-07,0.2606060606060606,0.31717171717171716,0.12727272727272726,0.2606060606060606,0.03434343434343434
2017-07-10,0.2912673056443025,0.09584664536741214,0.24600638977635783,0.34877529286474973,0.01810436634717785
2017-07-11,0.28410596026490065,0.07748344370860927,0.21721854304635763,0.4019867549668874,0.019205298013245033
2017-07-12,0.23525977816695856,0.09573847051955633,0.28429655575014595,0.36777583187390545,0.016929363689433742
2017-07-13,0.2668831168831169,0.09675324675324676,0.2409090909090909,0.38441558441558443,0.01103896103896104
2017-07-14,0.27319587628865977,0.09922680412371133,0.27448453608247425,0.33762886597938147,0.015463917525773196
2017-07-15,0.2742616033755274,0.0379746835443038,0.2717299578059072,0.39662447257383965,0.019409282700421943
2017-07-16,0.3272425249169435,0.3122923588039867,0.15780730897009967,0.19435215946843853,0.008305647840531562
2017-07-17,0.2942453854505972,0.10694896851248643,0.22095548317046687,0.36047774158523344,0.01737242128121607
2017-07-18,0.27614795918367346,0.0784438775510204,0.22385204081632654,0.40369897959183676,0.017857142857142856
2017-07-19,0.29396984924623115,0.08919597989949749,0.24371859296482412,0.3586683417085427,0.014447236180904523
2017-07-20,0.25288831835686776,0.09370988446726572,0.24326059050064186,0.4011553273427471,0.008985879332477536
2017-07-21,0.2797288971041282,0.10474430067775724,0.24276032039433149,0.3629081947011707,0.009858287122612447
2017-07-22,0.26494940202391903,0.05243790248390064,0.2686292548298068,0.39926402943882244,0.014719411223551058
2017-07-23,0.32222222222222224,0.3333333333333333,0.13111111111111112,0.20222222222222222,0.011111111111111112
2017-07-24,0.24971815107102593,0.07891770011273957,0.237880496054115,0.42164599774520856,0.011837655016910935
2017-07-25,0.22077922077922077,0.07727272727272727,0.24935064935064935,0.44155844155844154,0.01103896103896104
2017-07-26,0.2673392181588903,0.09079445145018916,0.28058007566204285,0.3505674653215637,0.010718789407313998
2017-07-27,0.27030625832223704,0.07390146471371505,0.2829560585885486,0.36351531291611183,0.009320905459387484
2017-07-28,0.2625730994152047,0.07777777777777778,0.2847953216374269,0.36140350877192984,0.013450292397660818
2017-07-29,0.2610909090909091,0.04218181818181818,0.26181818181818184,0.4298181818181818,0.005090909090909091
2017-07-30,0.302496328928047,0.3069016152716593,0.13362701908957417,0.23788546255506607,0.01908957415565345
2017-07-31,0.24866310160427807,0.07529756770743488,0.23425909953424184,0.4305675349318613,0.011212696222183889
2017-08-01,0.248642779587405,0.18349619978284473,0.10532030401737243,0.44516829533116176,0.01737242128121607
2017-08-03,0.5,0.0,0.0,0.5,0.0
2017-08-04,0.0,0.0,0.0,1.0,0.0
2017-08-05,0.25,0.0,0.0,0.75,0.0
2017-08-06,0.0,0.0,0.0,1.0,0.0
2017-08-07,0.3518225039619651,0.07290015847860538,0.18806127839408346,0.38140517696777604,0.005810882197569995
2017-08-08,0.2556756756756757,0.07243243243243243,0.18702702702702703,0.46918918918918917,0.015675675675675675
2017-08-09,0.2771144278606965,0.07462686567164178,0.20398009950248755,0.43532338308457713,0.008955223880597015
2017-08-10,0.25184094256259204,0.07314678448699068,0.19685812469317623,0.47619047619047616,0.0019636720667648502
2017-08-11,0.25387797311271976,0.07549120992761117,0.22750775594622544,0.4332988624612203,0.00982419855222337
2017-08-12,0.20729053318824808,0.030467899891186073,0.20021762785636563,0.5538628944504896,0.008161044613710556
2017-08-13,0.23626943005181347,0.1927461139896373,0.11398963730569948,0.44145077720207254,0.015544041450777202
2017-08-14,0.23511080332409973,0.08206371191135733,0.1554709141274238,0.5148891966759003,0.012465373961218837
2017-08-15,0.16192026037428803,0.06997558991049634,0.0691619202603743,0.661513425549227,0.03742880390561432
2017-08-16,0.28250330542089025,0.0872631115028647,0.21639488761568973,0.40634640810929923,0.00749228735125606
2017-08-17,0.25,0.07306163021868788,0.22912524850894633,0.4378727634194831,0.009940357852882704
2017-08-18,0.24194301728164408,0.0910789350770668,0.22793087342363383,0.4292386735170481,0.009808500700607193
2017-08-19,0.2600116076610563,0.04410911201392919,0.2118398142774231,0.4788160185722577,0.00522344747533372
2017-08-20,0.35301353013530135,0.25953259532595324,0.12300123001230012,0.2570725707257073,0.007380073800738007
2017-08-21,0.2854095563139932,0.07892491467576791,0.2175767918088737,0.4087030716723549,0.00938566552901024
2017-08-22,0.26369365002423656,0.07998061076102762,0.18662142510906446,0.46146388754241396,0.008240426563257392
2017-08-23,0.24560702875399362,0.07228434504792332,0.213258785942492,0.45926517571884984,0.009584664536741214
2017-08-24,0.21054585963609357,0.05941329372447085,0.19903453397697735,0.5187523208317861,0.012253991830672113
2017-08-25,0.29770992366412213,0.06149279050042409,0.1272264631043257,0.49151823579304493,0.02205258693808312
2017-08-26,0.3064820641913153,0.03587161736941473,0.21774701069855254,0.4304594084329767,0.009439899307740718
2017-08-27,0.3599523241954708,0.2097735399284863,0.08939213349225268,0.3170441001191895,0.023837902264600714
2017-08-28,0.3172533681008257,0.0686657974793568,0.21338548457192524,0.3898305084745763,0.01086484137331595
2017-08-29,0.33683105981112277,0.07660020986358866,0.19779643231899266,0.3793284365162644,0.00944386149003148
2017-08-30,0.3670702179176755,0.07893462469733656,0.20435835351089587,0.3365617433414044,0.013075060532687652
2017-08-31,0.36438557763061075,0.0847682119205298,0.16519499632082413,0.37446651949963206,0.011184694628403238
2017-09-04,0.8333333333333334,0.0,0.16666666666666666,0.0,0.0
2017-09-05,0.3960036330608538,0.03996366939146231,0.1989100817438692,0.35967302452316074,0.005449591280653951
2017-09-07,0.3552795031055901,0.04720496894409938,0.1813664596273292,0.4124223602484472,0.0037267080745341614
2017-09-08,0.37723106608779544,0.05113362276893391,0.22334780511336227,0.34539315002411963,0.002894356005788712
2017-09-09,0.35967926689576174,0.01718213058419244,0.21477663230240548,0.40492554410080184,0.003436426116838488
2017-09-10,0.49356223175965663,0.10407725321888411,0.12446351931330472,0.2757510729613734,0.002145922746781116
2017-09-11,0.3864592094196804,0.04667788057190917,0.21698906644238855,0.3427249789739277,0.007148864592094197
2017-09-12,0.3700588730025231,0.04499579478553406,0.19890664423885618,0.3830950378469302,0.002943650126156434
2017-09-13,0.36730693845550766,0.05370442963543708,0.199921599372795,0.37318698549588397,0.005880047040376323
2017-09-14,0.3985821189444663,0.03820401732965734,0.17211500590783774,0.38637258763292637,0.004726270185112249
2017-09-15,0.4114950634696756,0.04055007052186178,0.19358251057827927,0.3501410437235543,0.004231311706629055
2017-09-16,0.3936130709246194,0.02265131823245451,0.188265874489417,0.39101373932417377,0.004455997029335313
2017-09-17,0.345203488372093,0.09738372093023256,0.16061046511627908,0.39098837209302323,0.005813953488372093
2017-09-18,0.33429672447013487,0.04110468850353243,0.17790622992935132,0.44380218368657676,0.002890173410404624
2017-09-19,0.3327922077922078,0.03603896103896104,0.15616883116883118,0.4662337662337662,0.008766233766233766
2017-09-20,0.300480090369952,0.057328438294267155,0.1578650098842135,0.47613668455238634,0.008189776899181022
2017-09-21,0.2583408476104599,0.09445446348061316,0.1481064021641118,0.4873760144274121,0.011722272317403066
2017-09-22,0.2928406466512702,0.06905311778290993,0.17367205542725173,0.4558891454965358,0.008545034642032332
2017-09-23,0.3047824912185896,0.03782761415833558,0.16617130505268846,0.48392326398270735,0.007295325587679005
2017-09-24,0.30986316989737744,0.09378563283922463,0.12371721778791334,0.4657924743443558,0.0068415051311288486
2017-09-25,0.34147279369352046,0.06652566814074216,0.1770813305133628,0.4066525668140742,0.008267640838300326
2017-09-26,0.3600616808018504,0.04471858134155744,0.1622976098689283,0.42579028527370855,0.007131842713955281
2017-09-27,0.2882112309408702,0.052621792487913724,0.20546671625139457,0.4455187802156936,0.008181480104127928
2017-09-28,0.1555410122164049,0.06588132635253054,0.20571553228621292,0.5602094240837696,0.012652705061082025
2017-09-29,0.07885304659498207,0.06765232974910394,0.21236559139784947,0.6288082437275986,0.01232078853046595
2017-09-30,0.23766816143497757,0.08608016272941611,0.16887799916786095,0.49304239286209606,0.0143312838056493
2017-10-01,0.246875,0.08359375,0.17109375,0.484375,0.0140625
2017-10-02,0.2079646017699115,0.08849557522123894,0.15486725663716813,0.5309734513274337,0.017699115044247787
2017-10-03,0.18023255813953487,0.0755813953488372,0.11046511627906977,0.6337209302325582,0.0
2017-10-04,0.17703349282296652,0.0861244019138756,0.11961722488038277,0.6076555023923444,0.009569377990430622
2017-10-05,0.17045454545454544,0.08238636363636363,0.15625,0.5738636363636364,0.017045454545454544
2017-10-06,0.1634349030470914,0.09695290858725762,0.13573407202216067,0.5983379501385041,0.00554016620498615
2017-10-07,0.14233576642335766,0.072992700729927,0.14963503649635038,0.6204379562043796,0.014598540145985401
2017-10-08,0.15008726003490402,0.10645724258289703,0.19022687609075042,0.537521815008726,0.015706806282722512
2017-10-09,0.22274881516587677,0.06872037914691943,0.16646919431279622,0.5296208530805687,0.012440758293838863
2017-10-10,0.20500271886895052,0.07612833061446438,0.14192495921696574,0.5573681348559,0.01957585644371941
2017-10-11,0.2653336935963253,0.09213726019994596,0.16455012158875978,0.4631180761956228,0.014860848419346123
2017-10-12,0.22827981080408266,0.09111277072442121,0.16206123973114264,0.502116006970376,0.016430171769977596
2017-10-13,0.2293915040183697,0.10815154994259472,0.14764638346727899,0.49781859931113664,0.016991963260619976
2017-10-14,0.2015810276679842,0.09412055335968379,0.15538537549407114,0.5301383399209486,0.018774703557312252
2017-10-15,0.19781059063136455,0.19781059063136455,0.0845213849287169,0.49338085539714865,0.026476578411405296
2017-10-16,0.23327359617682197,0.12962962962962962,0.14038231780167265,0.47819593787335724,0.018518518518518517
2017-10-17,0.23023674373529004,0.15589090405648623,0.12044856707739167,0.47999446213484703,0.013429322995985048
2017-10-18,0.2257250945775536,0.14344262295081966,0.11743379571248423,0.4987389659520807,0.014659520807061791
2017-10-19,0.18344086021505376,0.16301075268817206,0.10408602150537634,0.5324731182795699,0.01698924731182796
2017-10-20,0.17787866281469253,0.058192323565827486,0.16756087494841107,0.591828312009905,0.004539826661163846
2017-10-21,0.17927823050058206,0.09371362048894064,0.2991850989522701,0.4080325960419092,0.01979045401629802
2017-10-22,0.3373253493013972,0.2684630738522954,0.1377245508982036,0.2345309381237525,0.021956087824351298
2017-10-23,0.3381322957198444,0.10505836575875487,0.2396887159533074,0.30311284046692605,0.014007782101167316
2017-10-24,0.3028169014084507,0.09154929577464789,0.19586267605633803,0.3965669014084507,0.013204225352112676
2017-10-25,0.22675202156334232,0.06671159029649595,0.17553908355795148,0.5168463611859838,0.014150943396226415
2017-10-26,0.2483221476510067,0.06079747335175681,0.18318199763126727,0.4958547177260166,0.011843663639952625
2017-10-27,0.2852112676056338,0.0782472613458529,0.18896713615023475,0.4362284820031299,0.01134585289514867
2017-10-28,0.2672162948593598,0.039282250242483024,0.22211445198836083,0.46071774975751695,0.01066925315227934
2017-10-29,0.34994337485843713,0.21517553793884484,0.13137032842582105,0.28312570781426954,0.020385050962627407
2017-10-30,0.2800711743772242,0.07081850533807829,0.1889679715302491,0.4462633451957295,0.013879003558718862
2017-10-31,0.2859550197679694,0.07401646250567114,0.1980685721692916,0.4286732775941409,0.013286667962926955
2017-11-01,0.2006861063464837,0.0823327615780446,0.2006861063464837,0.4974271012006861,0.018867924528301886
2017-11-02,0.0,0.0,0.0,1.0,0.0
2017-11-03,0.0,0.0,0.0,1.0,0.0
2017-11-04,0.0,0.0,0.0,1.0,0.0
2017-11-05,0.3333333333333333,0.0,0.16666666666666666,0.5,0.0
2017-11-06,0.0,0.0,0.016666666666666666,0.9833333333333333,0.0
2017-11-07,0.21115537848605578,0.055776892430278883,0.199203187250996,0.5258964143426295,0.00796812749003984
2017-11-08,0.2744215938303342,0.07840616966580977,0.23136246786632392,0.40488431876606684,0.010925449871465296
2017-11-09,0.2841880341880342,0.07905982905982906,0.21047008547008547,0.4150641025641026,0.011217948717948718
2017-11-10,0.28178178178178176,0.08008008008008008,0.22572572572572572,0.3923923923923924,0.02002002002002002
2017-11-11,0.27676240208877284,0.03198433420365535,0.24934725848563968,0.4321148825065274,0.0097911227154047
2017-11-12,0.3789308176100629,0.2578616352201258,0.1509433962264151,0.20125786163522014,0.0110062893081761
2017-11-13,0.2859054415700268,0.07091882247992863,0.23371989295272078,0.4005352363960749,0.008920606601248885
2017-11-14,0.28018108651911466,0.05985915492957746,0.21227364185110664,0.4346076458752515,0.013078470824949699
2017-11-15,0.26743576297850025,0.07288935500786575,0.21761929732564236,0.43104352385946515,0.01101206082852648
2017-11-16,0.2589771490750816,0.0690968443960827,0.20946681175190424,0.4504896626768226,0.011969532100108813
2017-11-17,0.2809550249861188,0.07218212104386452,0.21987784564131038,0.4169905607995558,0.009994447529150472
2017-11-18,0.2661027976577749,0.02992843201040989,0.23162003903708522,0.46258945998698764,0.009759271307742356
2017-11-19,0.32150386507378775,0.10470836261419536,0.20660576247364723,0.3524244553759663,0.014757554462403373
2017-11-20,0.0,0.0,0.0,1.0,0.0
2017-11-21,0.2905894519131334,0.05377456049638056,0.2249224405377456,0.421923474663909,0.008790072388831437
2017-11-22,0.2815126050420168,0.06775210084033613,0.22794117647058823,0.4117647058823529,0.011029411764705883
2017-11-23,0.27481713688610243,0.06687565308254964,0.2220480668756531,0.4268547544409613,0.009404388714733543
2017-11-24,0.3,0.0702020202020202,0.23030303030303031,0.39191919191919194,0.007575757575757576
2017-11-25,0.29707681849082257,0.03399048266485384,0.25356900067980964,0.4106050305914344,0.004758667573079538
2017-11-26,0.40384615384615385,0.21153846153846154,0.12062937062937062,0.24825174825174826,0.015734265734265736
2017-11-27,0.2899239543726236,0.06701520912547529,0.22576045627376426,0.4120722433460076,0.005228136882129277
2017-11-28,0.2660098522167488,0.06349206349206349,0.22058018609742747,0.44116037219485493,0.00875752599890531
2017-11-29,0.29256965944272445,0.07430340557275542,0.24251805985552116,0.38235294117647056,0.008255933952528379
2017-11-30,0.2973516594032853,0.07257794166946027,0.21488434461951056,0.4061347636607442,0.009051290646999664
2017-12-01,0.0,0.0,0.0,1.0,0.0
2017-12-02,0.0,0.0,0.0,1.0,0.0
2017-12-03,0.3082191780821918,0.04452054794520548,0.21575342465753425,0.4315068493150685,0.0
2017-12-04,0.30434782608695654,0.062111801242236024,0.2236024844720497,0.4012422360248447,0.008695652173913044
2017-12-05,0.33515151515151514,0.06303030303030303,0.22424242424242424,0.36666666666666664,0.01090909090909091
2017-12-06,0.31092436974789917,0.07300420168067227,0.21481092436974789,0.39338235294117646,0.007878151260504201
2017-12-07,0.2784,0.06666666666666667,0.23946666666666666,0.4069333333333333,0.008533333333333334
2017-12-08,0.31327243417517464,0.07254164427727028,0.23213326168726492,0.37560451370231057,0.006448146157979581
2017-12-09,0.2835016835016835,0.04579124579124579,0.2579124579124579,0.40404040404040403,0.008754208754208754
2017-12-10,0.3687600644122383,0.2528180354267311,0.16264090177133655,0.20772946859903382,0.008051529790660225
2017-12-11,0.29021129797326434,0.06640793445450625,0.22207848210435532,0.4139715394566624,0.007330746011211729
2017-12-12,0.2852033974072418,0.054090299508270004,0.2087617344658024,0.4425569959767546,0.009387572641931158
2017-12-13,0.2836206896551724,0.0625,0.21551724137931033,0.43017241379310345,0.008189655172413794
2017-12-14,0.2827433628318584,0.07212389380530973,0.22300884955752212,0.4176991150442478,0.004424778761061947
2017-12-15,0.2815993121238177,0.07781599312123817,0.22527944969905417,0.4036973344797936,0.011607910576096303
2017-12-16,0.24164810690423164,0.03953229398663697,0.23106904231625836,0.4860801781737194,0.0016703786191536749
2017-12-17,0.409387222946545,0.20078226857887874,0.15254237288135594,0.22685788787483702,0.010430247718383311
2017-12-18,0.3267864605098203,0.05641454241537819,0.17969076473046386,0.43000417885499376,0.0071040534893439195
2017-12-19,0.28394495412844034,0.06009174311926606,0.19724770642201836,0.4504587155963303,0.008256880733944955
2017-12-20,0.3272208638956805,0.05990220048899755,0.2049714751426243,0.40179299103504484,0.006112469437652812
2017-12-21,0.30010604453870626,0.06680805938494168,0.23170731707317074,0.39077412513255566,0.010604453870625663
2017-12-22,0.2644456012493493,0.07964601769911504,0.2467464862051015,0.40083289953149404,0.008328995314940135
2017-12-23,0.26552246340232205,0.03836446239273095,0.2332155477031802,0.45835436648157496,0.004543160020191822
2017-12-24,0.4081902245706737,0.19815059445178335,0.16116248348745046,0.22192866578599735,0.010568031704095112
2017-12-25,0.27754725680036885,0.0912863070539419,0.17242969110189027,0.4476717381281697,0.011065006915629323
2017-12-26,0.2927587738782763,0.06130608618391826,0.20302087960906265,0.4358063083074189,0.007107952021323856
2017-12-27,0.2472620050547599,0.08087615838247683,0.2337826453243471,0.42754844144903115,0.010530749789385004
2017-12-28,0.2716242661448141,0.06888454011741683,0.23796477495107632,0.4152641878669276,0.0062622309197651665
2017-12-29,0.2612427051150017,0.07723995880535531,0.25025746652935116,0.40233436319945076,0.008925506350841057
2017-12-30,0.2591374269005848,0.04824561403508772,0.23172514619883042,0.4502923976608187,0.010599415204678362
2017-12-31,0.27888841627676164,0.11626258329788743,0.20934354175528144,0.37927123209981567,0.016234226570253793
2018-01-01,0.19841840402588065,0.038820992092020126,0.23795830337886412,0.5197699496764917,0.0050323508267433505
2018-01-02,0.0,0.0,0.0,1.0,0.0
2018-01-03,0.0,0.0,0.0,1.0,0.0
2018-01-04,0.0,0.0,0.0,1.0,0.0
2018-01-05,0.29122414756847403,0.13918390162101732,0.19060927892677473,0.3661263275572946,0.012856344326439352
2018-01-06,0.24198250728862974,0.0794460641399417,0.22230320699708456,0.44169096209912534,0.014577259475218658
2018-01-08,0.0,0.0,0.0,1.0,0.0
2018-01-09,0.2642229858724704,0.05803741886216113,0.20847651775486828,0.4616265750286369,0.007636502481863307
2018-01-10,0.2811373648378054,0.07689227072486984,0.22707248698438126,0.4040849018822587,0.010812975570684821
2018-01-11,0.253766851704996,0.07771609833465504,0.2315622521808089,0.42942109436954795,0.00753370340999207
2018-01-12,0.2684076895175916,0.0841494377947044,0.22379397896264056,0.41603191875226697,0.007616974972796518
2018-01-13,0.2103209019947962,0.04856895056374675,0.2220294882914137,0.5047701647875108,0.014310494362532523
2018-01-14,0.24078834618680378,0.24764353041988005,0.15081405312767782,0.3264781491002571,0.03427592116538132
2018-01-15,0.3202479338842975,0.10082644628099173,0.14297520661157026,0.42272727272727273,0.013223140495867768
2018-01-16,0.2914285714285714,0.06323809523809523,0.17447619047619048,0.4605714285714286,0.010285714285714285
2018-01-17,0.27189908899789766,0.06937631394533987,0.21513665031534687,0.4306236860546601,0.01296426068675543
2018-01-18,0.24567356633864948,0.06515100101798439,0.22836783169324737,0.4523243976925687,0.00848320325755005
2018-01-19,0.28436516264428124,0.0696047569080098,0.23399790136411333,0.4050367261280168,0.006995452955578874
2018-01-20,0.30027051397655546,0.033363390441839495,0.18440036068530208,0.47610459873760147,0.005861136158701533
2018-01-21,0.4214801444043321,0.2003610108303249,0.12545126353790614,0.2364620938628159,0.016245487364620937
2018-01-22,0.22951844903064414,0.08036272670419012,0.2320200125078174,0.44777986241400874,0.010318949343339587
2018-01-23,0.25327510917030566,0.04128622469233823,0.25049622866216753,0.44700277888050816,0.007939658594680429
2018-01-24,0.2738927738927739,0.06954156954156954,0.2191142191142191,0.4285159285159285,0.008935508935508936
2018-01-25,0.27845719661335844,0.06538099717779869,0.15569143932267168,0.4929444967074318,0.007525870178739417
2018-01-26,0.2077028885832187,0.041953232462173314,0.17262723521320494,0.5577716643741403,0.019944979367262722
2018-01-27,0.26751292900799245,0.03244005641748942,0.2548189938881053,0.4391161259990597,0.0061118946873530795
2018-01-28,0.3545554335894621,0.2074643249176729,0.18880351262349068,0.23600439077936333,0.013172338090010977
2018-01-29,0.27472527472527475,0.0684154555122297,0.23750443105281815,0.4097837646224743,0.00957107408720312
2018-01-30,0.26502622025010086,0.06575231948366277,0.23598225090762404,0.42517144009681324,0.008067769261799113
2018-01-31,0.2960116327378479,0.07343165766514333,0.2286040714582468,0.38917739925218114,0.012775238886580807
2018-02-01,0.3347457627118644,0.2266949152542373,0.1228813559322034,0.2966101694915254,0.019067796610169493
2018-02-02,0.0,0.0,0.0,1.0,0.0
2018-02-03,0.0,0.0,0.0,1.0,0.0
2018-02-05,0.300301431801055,0.07724189902034664,0.22946495855312735,0.38281838733986434,0.010173323285606632
2018-02-06,0.29185613890037204,0.05539479123604795,0.2232327408019843,0.4183546920214965,0.011161637040099214
2018-02-07,0.27962279622796227,0.07011070110701106,0.24477244772447723,0.3940139401394014,0.011480114801148012
2018-02-08,0.27986492190797807,0.0671169269734065,0.22330097087378642,0.42043056141831997,0.009286618826509076
2018-02-09,0.3,0.07489878542510121,0.23765182186234818,0.37611336032388665,0.011336032388663968
2018-02-10,0.2725430597771023,0.0364741641337386,0.25379939209726443,0.4265450861195542,0.010638297872340425
2018-02-11,0.36438923395445133,0.23809523809523808,0.12111801242236025,0.2587991718426501,0.017598343685300208
2018-02-12,0.2502197480222678,0.05859947260474656,0.2197480222677996,0.46088485203633167,0.01054790506885438
2018-02-13,0.2648771021992238,0.06371280724450194,0.17787839586028462,0.4744501940491591,0.01908150064683053
2018-02-14,0.3153219837157661,0.08845299777942264,0.20096225018504812,0.38008882309400444,0.015173945225758698
2018-02-15,0.2905692438402719,0.07349192863211555,0.21707731520815632,0.39932030586236195,0.01954120645709431
2018-02-16,0.30397168698387733,0.06724341329138812,0.2375147463625639,0.38025953598112466,0.01101061738104601
2018-02-17,0.29355966050923615,0.03744383424862706,0.23714428357463804,0.42336495257114326,0.008487269096355467
2018-02-18,0.40628385698808234,0.2047670639219935,0.17551462621885158,0.19934994582881907,0.014084507042253521
2018-02-19,0.3176715176715177,0.07276507276507277,0.23700623700623702,0.36174636174636177,0.010810810810810811
2018-02-20,0.29461414790996787,0.05627009646302251,0.2439710610932476,0.3942926045016077,0.010852090032154342
2018-02-21,0.30011587485515645,0.07106991116261105,0.2429509463113171,0.3719582850521437,0.013904982618771726
2018-02-22,0.2873060087544767,0.07202546756864306,0.233983286908078,0.39434938320732194,0.012335853561480302
2018-02-23,0.3320910973084886,0.07743271221532091,0.2492753623188406,0.33291925465838507,0.008281573498964804
2018-02-24,0.33228511530398325,0.049266247379454925,0.2348008385744235,0.37368972746331236,0.009958071278825996
2018-02-25,0.4174454828660436,0.2222222222222222,0.13811007268951195,0.20041536863966772,0.021806853582554516
2018-02-26,0.3215759849906191,0.08405253283302064,0.23827392120075047,0.3422138836772983,0.013883677298311446
2018-02-27,0.3173913043478261,0.055731225296442685,0.22569169960474308,0.38893280632411065,0.01225296442687747
2018-02-28,0.3035909787606744,0.07313334793080797,0.22093277862929714,0.3917232318808846,0.010619662798335887
2018-03-01,0.03409090909090909,0.0,0.011363636363636364,0.9545454545454546,0.0
2018-03-03,0.0,0.0,0.0,1.0,0.0
2018-03-05,0.31267345050878814,0.06567992599444958,0.20444033302497688,0.40980573543015725,0.0074005550416281225
2018-03-06,0.311531190926276,0.0551984877126654,0.21172022684310018,0.4215500945179584,0.0
2018-03-07,0.282523927685218,0.06664303438496987,0.2204891882311237,0.4172279333569656,0.013115916341722794
2018-03-08,0.2802433786685755,0.06907659269863994,0.21188260558339297,0.43128131710808876,0.007516105941302791
2018-03-09,0.2959039548022599,0.0713276836158192,0.2030367231638418,0.4201977401129944,0.009533898305084746
2018-03-10,0.2819420783645656,0.046422487223168656,0.20400340715502555,0.45954003407155025,0.008091993185689948
2018-03-11,0.34818731117824775,0.20166163141993956,0.10574018126888217,0.33534743202416917,0.00906344410876133
2018-03-12,0.3036332179930796,0.0654555940023068,0.20703575547866204,0.41753171856978083,0.006343713956170703
2018-03-13,0.257029440952696,0.062189877605028115,0.20807145219980153,0.46774727092292423,0.004961958319550115
2018-03-14,0.2897675822517356,0.06670691216420163,0.19136734077875037,0.44189556293389676,0.010262601871415635
2018-03-15,0.24580369843527738,0.061735419630156475,0.18236130867709816,0.5018492176386913,0.008250355618776671
2018-03-16,0.2425411522633745,0.05015432098765432,0.17463991769547324,0.5262345679012346,0.006430041152263375
2018-03-17,0.17396683989111605,0.027715911902994307,0.16827517941103687,0.6189062113338283,0.011135857461024499
2018-03-18,0.16933418693982075,0.11523687580025609,0.09603072983354674,0.5985915492957746,0.020806658130601792
2018-03-19,0.31208053691275167,0.08109619686800895,0.20609619686800895,0.3912192393736018,0.009507829977628635
2018-03-20,0.31947405828002845,0.07391613361762615,0.19367448471926083,0.4015636105188344,0.011371712864250177
2018-03-21,0.2981366459627329,0.09316770186335403,0.21804511278195488,0.37855508336057536,0.012095456031382805
2018-03-22,0.2701240852688514,0.07826916958320077,0.21539930003181673,0.42443525294304807,0.011772192173083042
2018-03-23,0.2802778616732105,0.09513742071881606,0.20658411356085774,0.40863787375415284,0.009362730292962852
2018-03-24,0.2743517869656622,0.05956552207428171,0.18885774351786966,0.4607568325157673,0.016468114926419062
2018-03-25,0.29546827794561936,0.18429003021148035,0.09184290030211481,0.3969788519637462,0.03141993957703928
2018-03-26,0.30828025477707005,0.06751592356687898,0.2194267515923567,0.395859872611465,0.008917197452229299
2018-03-27,0.3001368925393566,0.05989048596851471,0.22484599589322382,0.405201916495551,0.009924709103353867
2018-03-28,0.3161764705882353,0.07097186700767263,0.2215473145780051,0.38107416879795397,0.010230179028132993
2018-03-29,0.2965451055662188,0.0710172744721689,0.21113243761996162,0.4094689699296225,0.011836212412028152
2018-03-30,0.3058680449984798,0.08665247795682578,0.2079659470963819,0.39282456673761024,0.006688963210702341
2018-03-31,0.3109435686543294,0.08233950194196939,0.21608407585103953,0.37925519762394333,0.0113776559287183
2018-04-01,0.0,0.0,0.0,1.0,0.0
2018-04-02,0.0,0.0,0.0,1.0,0.0
2018-04-03,0.0,0.0,0.0,1.0,0.0
2018-04-04,0.0,0.0,0.0,1.0,0.0
2018-04-05,0.0,0.0,0.015873015873015872,0.9841269841269841,0.0
2018-04-06,0.019230769230769232,0.019230769230769232,0.07692307692307693,0.8846153846153846,0.0
2018-04-07,0.3684210526315789,0.05263157894736842,0.15789473684210525,0.42105263157894735,0.0
2018-04-08,0.22764227642276422,0.056910569105691054,0.08130081300813008,0.6341463414634146,0.0
2018-04-09,0.31590561874045153,0.06399592598879647,0.21982685452384995,0.3905958241385164,0.009675776608385672
2018-04-10,0.17,0.05,0.05,0.73,0.0
2018-04-11,0.2983109075293444,0.07930146006298311,0.2261666189521901,0.3819066704838248,0.0143143429716576
2018-04-12,0.27986633249791143,0.06961849067112225,0.24728487886382622,0.3948760790866054,0.00835421888053467
2018-04-13,0.32636103151862467,0.07822349570200574,0.22636103151862463,0.3601719197707736,0.008882521489971347
2018-04-14,0.30806754221388366,0.04277673545966229,0.22288930581613509,0.4180112570356473,0.00825515947467167
2018-04-15,0.5296727676095396,0.13643926788685523,0.09983361064891846,0.21907931225734886,0.014975041597337771
2018-04-16,0.2824492099322799,0.07082392776523702,0.19441309255079006,0.44159142212189617,0.01072234762979684
2018-04-17,0.25851970181043665,0.05378061767838126,0.20926517571884984,0.4677848775292865,0.010649627263045794
2018-04-18,0.2629774730656219,0.05803134182174339,0.2191478942213516,0.4468658178256611,0.01297747306562194
2018-04-19,0.3051948051948052,0.06673881673881674,0.24386724386724387,0.3722943722943723,0.011904761904761904
2018-04-20,0.3332007952286282,0.07952286282306163,0.23101391650099404,0.3475149105367793,0.00874751491053678
2018-04-21,0.2975563009103977,0.04264494489698131,0.2616195495927168,0.390991854336368,0.007187350263536177
2018-04-22,0.420443587270974,0.22757955641272903,0.11089681774349083,0.21793635486981677,0.023143683702989394
2018-04-23,0.32394832726068234,0.08214640609473335,0.2312023848956608,0.3484597548857237,0.014243126863199736
2018-04-24,0.31784166994879876,0.05986608901142182,0.23473808586057504,0.37534462386766443,0.012209531311539977
2018-04-25,0.32422171602126043,0.0721336370539104,0.24677296886864086,0.3416856492027335,0.015186028853454821
2018-04-26,0.3164213787761425,0.07281177381874517,0.24244771494965142,0.3555383423702556,0.012780790085205267
2018-04-27,0.34039087947882735,0.07573289902280131,0.26221498371335505,0.31026058631921827,0.011400651465798045
2018-04-28,0.31329423264907136,0.044965786901270774,0.24975562072336266,0.3817204301075269,0.010263929618768328
2018-04-29,0.41364421416234887,0.1614853195164076,0.15630397236614854,0.25647668393782386,0.012089810017271158
2018-04-30,0.3094845846081431,0.0915509531654507,0.21463873852671217,0.3678512591197929,0.016474464579901153
2018-05-01,0.17757009345794392,0.037383177570093455,0.018691588785046728,0.7663551401869159,0.0
2018-05-02,0.31653888280394304,0.06352683461117196,0.2687112084702446,0.3329682365826944,0.018254837531945966
2018-05-03,0.30814873417721517,0.07357594936708861,0.24367088607594936,0.3603639240506329,0.014240506329113924
2018-05-04,0.34242048740190006,0.07104502271788517,0.24824452705493597,0.3238331268071045,0.014456836018174308
2018-05-05,0.3419555095706156,0.0470770822555613,0.2555613036730471,0.3486808070356958,0.006725297465080186
2018-05-06,0.4040590405904059,0.21217712177121772,0.13653136531365315,0.22601476014760147,0.021217712177121772
2018-05-07,0.33464180569185475,0.07556427870461237,0.2492639842983317,0.3267909715407262,0.013738959764474975
2018-05-08,0.3132137030995106,0.0632137030995106,0.2267536704730832,0.382952691680261,0.013866231647634585
2018-05-09,0.311969111969112,0.07297297297297298,0.24362934362934363,0.36061776061776063,0.010810810810810811
2018-05-10,0.300606520090978,0.08188021228203184,0.2403335860500379,0.3627748294162244,0.014404852160727824
2018-05-11,0.3069672131147541,0.08524590163934426,0.25040983606557377,0.34385245901639344,0.013524590163934426
2018-05-12,0.3255939524838013,0.042116630669546434,0.20950323974082075,0.41252699784017277,0.010259179265658747
2018-05-13,0.3670520231213873,0.23314065510597304,0.11849710982658959,0.2649325626204239,0.016377649325626204
2018-05-14,0.23433345993163693,0.08659323965058868,0.2669958222559818,0.3987846562856058,0.013292821876186859
2018-05-15,0.30571538166474876,0.07019562715765247,0.24012274645186038,0.3690065209052551,0.014959723820483314
2018-05-16,0.31137088204038255,0.07722281261069784,0.2316684378320935,0.36238044633368754,0.017357421183138506
2018-05-17,0.27112135176651303,0.0576036866359447,0.25614439324116745,0.39938556067588327,0.01574500768049155
2018-05-18,0.2908811081185071,0.07579838399384378,0.2643324355521354,0.35706040784917276,0.0119276644863409
2018-05-19,0.30689655172413793,0.04433497536945813,0.2798029556650246,0.3556650246305419,0.013300492610837438
2018-05-20,0.4030520646319569,0.1947935368043088,0.14272890484739678,0.2459605026929982,0.013464991023339317
2018-05-21,0.3076162215628091,0.07154632377184306,0.2584899439498846,0.34882954170788,0.013517969007583251
2018-05-22,0.29393823865802515,0.05566145634769348,0.24247045367899353,0.39344262295081966,0.014487228364468167
2018-05-23,0.30809399477806787,0.07683700111898545,0.2588586348377471,0.34688549048862366,0.009324878776575904
2018-05-24,0.3026170291190564,0.06266126059712496,0.2521194249907851,0.37007003317360854,0.012532252119424991
2018-05-25,0.3145539906103286,0.07042253521126761,0.2531298904538341,0.344679186228482,0.017214397496087636
2018-05-26,0.27994011976047906,0.0499001996007984,0.281437125748503,0.37674650698602796,0.011976047904191617
2018-05-27,0.40631163708086787,0.16863905325443787,0.15187376725838264,0.24358974358974358,0.029585798816568046
2018-05-28,0.3051201671891327,0.06513409961685823,0.27028909787530475,0.34413096482062,0.01532567049808429
2018-05-29,0.3226800154023874,0.06391990758567578,0.2522140931844436,0.3430881786676935,0.01809780515979977
2018-05-30,0.3278624462680735,0.06838608831574834,0.27784290738569756,0.31535756154747946,0.010550996483001172
2018-05-31,0.3130851792646723,0.06531171500342543,0.2696962776889701,0.33980360812971,0.012103219913222198
2018-06-01,0.25382262996941896,0.10397553516819572,0.3058103975535168,0.3180428134556575,0.01834862385321101
2018-06-02,0.3340122199592668,0.03818737270875764,0.2759674134419552,0.34470468431771895,0.007128309572301426
2018-06-03,0.428842504743833,0.1954459203036053,0.17172675521821631,0.17362428842504743,0.030360531309297913
2018-06-04,0.3262213976499691,0.05844155844155844,0.2786023500309215,0.3206555349412492,0.016079158936301793
2018-06-05,0.33111111111111113,0.061587301587301586,0.24126984126984127,0.3523809523809524,0.013650793650793651
2018-06-06,0.32403965303593557,0.07961586121437422,0.25681536555142503,0.32806691449814124,0.011462205700123915
2018-06-07,0.31280940594059403,0.07580445544554455,0.24257425742574257,0.3589108910891089,0.009900990099009901
2018-06-08,0.33669927421899654,0.07100031555695803,0.272010097822657,0.3076680340801515,0.012622278321236984
2018-06-09,0.3173113030416823,0.04018024784078107,0.2959068719489298,0.33571160345475026,0.010889973713856553
2018-06-10,0.44074074074074077,0.1925925925925926,0.13271604938271606,0.21790123456790123,0.016049382716049384
2018-06-11,0.32532583695374395,0.07794531050345004,0.25504727830309226,0.32813697929977,0.013544594939943777
2018-06-12,0.34752170260431253,0.06580789694763371,0.23914869784374124,0.33464015681881826,0.01288154578549426
2018-06-13,0.36866137947608746,0.06657053592886325,0.2542658014900264,0.29560201874549386,0.014900264359528959
2018-06-14,0.3676081200353045,0.0500882612533098,0.2440423654015887,0.323477493380406,0.014783759929390997
2018-06-15,0.4165264928511354,0.06518082422203532,0.2106812447434819,0.29352396972245587,0.014087468460891506
2018-06-16,0.3260412284392091,0.06226335717290703,0.23474968447623054,0.3601177955405974,0.016827934371055953
2018-06-17,0.42057877813504824,0.2012861736334405,0.14469453376205788,0.20643086816720257,0.027009646302250803
2018-06-18,0.3634502175582288,0.06731507550550295,0.24801638085487587,0.31098029178397746,0.010238034297414897
2018-06-19,0.2930929095354523,0.06204156479217604,0.26466992665036676,0.3652200488997555,0.014975550122249388
2018-06-20,0.32136653155761435,0.07961783439490445,0.2617255356108859,0.3248407643312102,0.012449334105385061
2018-06-21,0.3017575215966637,0.07298182901400059,0.25677688412272864,0.3589514447423295,0.009532320524277629
2018-06-22,0.30820958251611097,0.07789296721770804,0.2628187167273746,0.33903054076772204,0.012048192771084338
2018-06-23,0.29705994654448264,0.038182512409316534,0.28140511645666283,0.371897670866743,0.011454753722794959
2018-06-24,0.36669213139801377,0.23300229182582124,0.1359816653934301,0.23758594346829642,0.026737967914438502
2018-06-25,0.2966226138032305,0.08487518355359765,0.2936857562408223,0.30895741556534506,0.015859030837004406
2018-06-26,0.30583289542827113,0.06358381502890173,0.2522333158171308,0.3673147661586968,0.011035207566999475
2018-06-27,0.29755803436840517,0.07476635514018691,0.2577630388905638,0.35574314139282487,0.014169430208019295
2018-06-28,0.28716401535929786,0.06582556226001098,0.2770159078442128,0.35929786066922653,0.010696653867251783
2018-06-29,0.28489300542957524,0.09038645800063877,0.2727563078888534,0.3382305972532737,0.013733631427658896
2018-06-30,0.3067389620449264,0.10921766072811774,0.24632068164213788,0.3193906532403821,0.018332042344435837
2018-07-01,0.1956521739130435,0.08695652173913043,0.09420289855072464,0.6231884057971014,0.0
2018-07-02,0.27872340425531916,0.0878419452887538,0.27264437689969606,0.34194528875379937,0.01884498480243161
2018-07-03,0.2824478816408877,0.07027572293207801,0.304640215198386,0.3301950235373235,0.012441156691324815
2018-07-04,0.2741249591102388,0.08963035655871769,0.3117435394177298,0.3065096499836441,0.017991494929669612
2018-07-05,0.23449216087252897,0.07498295841854125,0.3060668029993183,0.36946148602590323,0.014996591683708248
2018-07-06,0.24013840830449826,0.10484429065743944,0.30069204152249135,0.3394463667820069,0.014878892733564015
2018-07-07,0.23146551724137931,0.0625,0.31810344827586207,0.3745689655172414,0.013362068965517242
2018-07-08,0.2913143735588009,0.27056110684089163,0.14373558800922367,0.27286702536510377,0.021521906225980016
2018-07-09,0.2541420949171581,0.09547879809042403,0.30047739399045215,0.33192923336141533,0.017972479640550407
2018-07-10,0.25146962769431747,0.07740039190071848,0.275310254735467,0.37949052906597,0.016329196603527107
2018-07-11,0.23561313648689364,0.1039469719795119,0.2955709551069599,0.3495028623079241,0.015366074118710455
2018-07-12,0.21654653713569413,0.07771858351613914,0.2908179254152303,0.39799435913506737,0.016922594797869006
2018-07-13,0.2197360872059667,0.07630522088353414,0.23666092943201378,0.4497991967871486,0.017498565691336777
2018-07-14,0.19632327436697883,0.054457162677766215,0.269857787027402,0.4686090877558099,0.010752688172043012
2018-07-15,0.3624454148471616,0.28908296943231443,0.13275109170305677,0.18340611353711792,0.032314410480349345
2018-07-16,0.27197549770290963,0.10444104134762634,0.28147013782542113,0.32618683001531396,0.015926493108728942
2018-07-17,0.23,0.09607142857142857,0.2767857142857143,0.38142857142857145,0.015714285714285715
2018-07-18,0.23222439660795824,0.1050228310502283,0.279191128506197,0.36823222439660797,0.01532941943900848
2018-07-19,0.22528418877023768,0.10299689975887014,0.27385463313813296,0.3768515328970031,0.021012745435756115
2018-07-20,0.22811572700296737,0.12425816023738873,0.27967359050445106,0.353486646884273,0.014465875370919881
2018-07-21,0.17714002968827314,0.061355764473033154,0.3364670954972786,0.4096981692231568,0.015338941118258289
2018-07-22,0.2556016597510373,0.3062240663900415,0.16763485477178422,0.23734439834024895,0.03319502074688797
2018-07-23,0.19390243902439025,0.10457317073170731,0.2996951219512195,0.388109756097561,0.013719512195121951
2018-07-24,0.23556581986143188,0.09853733641262509,0.2913779830638953,0.3610469591993841,0.013471901462663588
2018-07-25,0.23883696780893043,0.10972654897888542,0.29283489096573206,0.34233298719280025,0.016268605053651783
2018-07-26,0.1933404940923738,0.09058360186179736,0.2849982098102399,0.41568206229860366,0.01539563193698532
2018-07-27,0.1997855611150822,0.09292351679771266,0.2834167262330236,0.4056468906361687,0.018227305218012867
2018-07-28,0.17923250564334087,0.07855530474040633,0.31015801354401806,0.42121896162528216,0.010835214446952596
2018-07-29,0.2568027210884354,0.28741496598639454,0.15731292517006804,0.2763605442176871,0.022108843537414966
2018-07-30,0.21176470588235294,0.11047345767575323,0.2949784791965567,0.3672883787661406,0.015494978479196557
2018-07-31,0.20594262295081966,0.10809426229508197,0.28295765027322406,0.3869535519125683,0.01605191256830601
2018-08-01,0.18648180242634316,0.09532062391681109,0.3025996533795494,0.3968804159445407,0.01871750433275563
2018-08-02,0.20909090909090908,0.07272727272727272,0.06363636363636363,0.6545454545454545,0.0
2018-08-03,0.21393361813999343,0.12224778179428196,0.30036148537627344,0.3503121919158725,0.013144922773578704
2018-08-04,0.19009314140558847,0.06604572396274344,0.3018628281117697,0.4229466553767993,0.01905165114309907
2018-08-05,0.25839793281653745,0.3290267011197244,0.1507321274763135,0.23169681309216192,0.030146425495262703
2018-08-06,0.23076923076923078,0.103831529687043,0.2544603685288096,0.39455981281076336,0.016379058204153262
2018-08-07,0.22613752993499828,0.08347588094423537,0.25248032842969553,0.42353746151214505,0.014368799178925761
2018-08-08,0.248564674096589,0.10503208375548802,0.22019587977034785,0.4005403579871665,0.025667004390408647
2018-08-09,0.270878721859114,0.11764705882352941,0.29557007988380535,0.29484386347131447,0.021060275962236745
2018-08-10,0.24565217391304348,0.09316770186335403,0.2854037267080745,0.3624223602484472,0.013354037267080746
2018-08-11,0.2006294256490952,0.05979543666404406,0.2926829268292683,0.4225019669551534,0.024390243902439025
2018-08-12,0.2727272727272727,0.24950232249502322,0.1519575315195753,0.3045786330457863,0.021234240212342402
2018-08-13,0.22677725118483413,0.09146919431279621,0.2656398104265403,0.39454976303317535,0.02156398104265403
2018-08-14,0.21484172288531395,0.08458744161909704,0.24909185262065386,0.4325376232485729,0.01894135962636222
2018-08-15,0.1237070748862226,0.0848158874637981,0.15763342987174184,0.6032271410839884,0.03061646669424907
2018-08-16,0.25053648068669526,0.09495708154506438,0.30391630901287553,0.33905579399141633,0.011534334763948498
2018-08-17,0.23908977556109726,0.1084788029925187,0.3054862842892768,0.3282418952618454,0.018703241895261846
2018-08-18,0.23684210526315788,0.05193905817174515,0.3064404432132964,0.3923130193905817,0.012465373961218837
2018-08-19,0.31608005521049,0.2670807453416149,0.13802622498274672,0.25741890959282265,0.02139406487232574
2018-08-20,0.2978723404255319,0.09888781431334623,0.2608800773694391,0.32906189555125726,0.013297872340425532
2018-08-21,0.35294117647058826,0.07229246838922485,0.2677295217152281,0.29631665750412317,0.010720175920835623
2018-08-22,0.20270270270270271,0.12126600284495022,0.2880512091038407,0.3655761024182077,0.02240398293029872
2018-08-23,0.2703030303030303,0.0796969696969697,0.26606060606060605,0.36515151515151517,0.018787878787878787
2018-08-24,0.26282751091703055,0.1037117903930131,0.251910480349345,0.3643558951965066,0.017194323144104802
2018-08-25,0.20679611650485438,0.062135922330097085,0.24207119741100325,0.46537216828478967,0.023624595469255664
2018-08-26,0.25084175084175087,0.16835016835016836,0.12962962962962962,0.4152637485970819,0.03591470258136925
2018-08-27,0.2763657610283377,0.09786736780601811,0.2839614373356705,0.32719836400818,0.014607069821793748
2018-08-28,0.24695121951219512,0.08604336043360433,0.287940379403794,0.36517615176151763,0.013888888888888888
2018-08-29,0.23677811550151975,0.09300911854103343,0.28419452887537994,0.37659574468085105,0.009422492401215805
2018-08-30,0.2197745901639344,0.08939549180327869,0.2540983606557377,0.4182889344262295,0.018442622950819672
2018-08-31,0.24576402922431215,0.10306233483600187,0.26193066998290065,0.3693455619462148,0.019897404010570496
2018-09-01,0.26798825256975034,0.21659324522760645,0.13729809104258445,0.35462555066079293,0.023494860499265784
2018-09-02,0.2903225806451613,0.25806451612903225,0.22580645161290322,0.22580645161290322,0.0
2018-09-03,0.2686522262334537,0.10770156438026474,0.23375451263537905,0.3664259927797834,0.023465703971119134
2018-09-04,0.26513182324545115,0.08726327515781657,0.2610471593018938,0.3731897512068325,0.013367991088005942
2018-09-05,0.2584493041749503,0.09609012591119948,0.31146454605699136,0.32007952286282304,0.013916500994035786
2018-09-06,0.23217854763491005,0.0949367088607595,0.29247168554297137,0.3640906062624917,0.01632245169886742
2018-09-07,0.2393220338983051,0.0976271186440678,0.31457627118644066,0.3325423728813559,0.015932203389830507
2018-09-08,0.21540880503144655,0.05817610062893082,0.297562893081761,0.4158805031446541,0.012971698113207548
2018-09-09,0.25722145804676755,0.27097661623108665,0.15199449793672629,0.29436038514442914,0.02544704264099037
2018-09-10,0.14697406340057637,0.16179497735693701,0.22354878550843968,0.445450802799506,0.022231370934540962
2018-09-11,0.27243675099866843,0.07163781624500666,0.26311584553928097,0.3770972037283622,0.015712383488681758
2018-09-12,0.26011560693641617,0.08563476771569258,0.23271248126739455,0.3971312352815243,0.024405908798972382
2018-09-13,0.277882797731569,0.08813799621928166,0.16044423440453687,0.44352551984877125,0.03000945179584121
2018-09-14,0.3197942052531817,0.09802328730029786,0.24262117519631735,0.32114811806119686,0.018413214189006228
2018-09-15,0.3231951871657754,0.06016042780748663,0.24732620320855614,0.35461229946524064,0.014705882352941176
2018-09-16,0.45859030837004405,0.1973568281938326,0.126431718061674,0.19251101321585903,0.025110132158590308
2018-09-17,0.256184247938584,0.11913562695479102,0.2482229172590276,0.35541654819448393,0.02104065965311345
2018-09-18,0.2974512743628186,0.09205397301349326,0.22668665667166416,0.36551724137931035,0.018290854572713643
2018-09-19,0.32595291479820626,0.10117713004484305,0.23963004484304934,0.3116591928251121,0.021580717488789238
2018-09-20,0.2823170731707317,0.10121951219512196,0.23506097560975608,0.3591463414634146,0.02225609756097561
2018-09-21,0.29158512720156554,0.12198303979125896,0.24037834311806913,0.32289628180039137,0.023157208088714937
2018-09-22,0.2566504308729861,0.04908205320344698,0.26301985762457847,0.42150618209067064,0.009741476208317721
2018-09-23,0.3631227529532614,0.22701592193117617,0.12942989214175654,0.23780174627632256,0.04262968669748331
2018-09-24,0.29388379204892967,0.0746177370030581,0.29327217125382266,0.3253822629969419,0.012844036697247707
2018-09-25,0.33909058864998237,0.06591469862530842,0.26436376454000704,0.3179414874867818,0.01268946069792034
2018-09-26,0.2828774822030723,0.06819033345822405,0.32521543649306855,0.3102285500187336,0.013488197826901461
2018-09-27,0.3164469118667592,0.05655794587092297,0.2959750173490632,0.31748785565579457,0.013532269257460098
2018-09-28,0.31245985870263326,0.06551059730250482,0.279383429672447,0.33269107257546565,0.00995504174694926
2018-09-29,0.2848,0.04192,0.29152,0.37472,0.00704
2018-09-30,0.40063974410235903,0.08656537385045981,0.22351059576169532,0.274890043982407,0.014394242303078768
2018-10-01,0.4082960553070354,0.03985359902399349,0.1260675071167141,0.41032940219601466,0.015453436356242375
2018-10-02,0.23809523809523808,0.031746031746031744,0.1111111111111111,0.6190476190476191,0.0
2018-10-03,0.33844228964654366,0.05724116359086644,0.2777604003753519,0.31404441664060057,0.012511729746637473
2018-10-04,0.34136807817589576,0.04495114006514658,0.2648208469055375,0.33615635179153097,0.012703583061889252
2018-10-05,0.35874439461883406,0.0585949177877429,0.2556053811659193,0.3142002989536622,0.012855007473841554
2018-10-06,0.29893726431265,0.03222488858416181,0.26191292423723,0.39252656839218375,0.014398354473774426
2018-10-07,0.426702751465945,0.12133513757329725,0.12764997744700046,0.30311231393775373,0.021199819576003608
2018-10-08,0.3538390379278446,0.06729879740980574,0.22340425531914893,0.33903792784458836,0.016419981498612395
2018-10-09,0.29494197503831837,0.07269542369170133,0.17276111232756733,0.4326691482373549,0.026932340705058025
2018-10-10,0.2896257986005476,0.11986613933678127,0.17675692120474598,0.38302403407362334,0.030727106784301794
2018-10-11,0.2827243094870475,0.09521358723623263,0.2086121118545205,0.38977526162291987,0.023674729799279464
2018-10-12,0.3035180882841022,0.09724527049452374,0.2182210421506804,0.3620975771656157,0.018918021905077995
2018-10-13,0.2798183254344392,0.06101895734597156,0.235781990521327,0.40916271721958924,0.014218009478672985
2018-10-14,0.3464506172839506,0.13387345679012347,0.1527777777777778,0.33912037037037035,0.027777777777777776
2018-10-15,0.3444155844155844,0.07064935064935066,0.23597402597402597,0.3361038961038961,0.012857142857142857
2018-10-16,0.2862533692722372,0.065633423180593,0.2349056603773585,0.39380053908355794,0.01940700808625337
2018-10-17,0.18308256416740423,0.0849664938677456,0.235554431660134,0.4745226956631685,0.021873814641547605
2018-10-18,0.11174575278265964,0.080697129466901,0.23330404217926187,0.544522554188635,0.029730521382542473
2018-10-19,0.12174541947926712,0.1603182256509161,0.2502410800385728,0.4168273866923819,0.0508678881388621
2018-10-20,0.25,0.08344875346260387,0.19390581717451524,0.449792243767313,0.022853185595567867
2018-10-21,0.3043684710351377,0.24406457739791074,0.12535612535612536,0.30246913580246915,0.023741690408357077
2018-10-22,0.29558373414954087,0.10494097070397901,0.26016615653694797,0.31875819851333625,0.020550940096195888
2018-10-23,0.24771573604060915,0.09695431472081219,0.2583756345177665,0.3753807106598985,0.021573604060913704
2018-10-24,0.2824201396234398,0.11846837317537551,0.24709117833721175,0.3338269515548974,0.018193357309075522
2018-10-25,0.2509891196834817,0.10905044510385757,0.26681503461918893,0.3526211671612265,0.0205242334322453
2018-10-26,0.25191370911621436,0.11667826490373463,0.24472280213407563,0.36627232660635584,0.020412897239619577
2018-10-27,0.2335345773874863,0.0867178924259056,0.2519209659714599,0.40422612513721184,0.023600439077936335
2018-10-28,0.2769180111952585,0.253539677313138,0.12742838327296674,0.30424761277576556,0.03786631544287125
2018-10-29,0.2384629873799209,0.12902618195517046,0.23149368996044453,0.3795441702768883,0.021472970427575816
2018-10-30,0.2288167226577081,0.11739455020530049,0.22377752892870473,0.40145576707726766,0.02855543113101904
2018-10-31,0.23353067814854683,0.14117330462863295,0.19289558665231432,0.3960710441334769,0.036329386437029064
2018-11-01,0.07317073170731707,0.028455284552845527,0.04065040650406504,0.8577235772357723,0.0
2018-11-02,0.04285714285714286,0.010714285714285714,0.04285714285714286,0.9035714285714286,0.0
2018-11-03,0.22230595327807084,0.11341371514694801,0.18186385330319016,0.44913338357196686,0.03328309469982416
2018-11-04,0.23581244099444038,0.20088114969054863,0.10049302423161649,0.41372075946711423,0.04909262561628029
2018-11-05,0.25980666293840377,0.16561476392106736,0.15874410801310218,0.38643444914915714,0.029400015978269554
2018-11-06,0.20349154391707583,0.15675577377705038,0.13847972358610655,0.47881432987815964,0.022458628841607566
2018-11-07,0.15192918310401232,0.18281535648994515,0.14028673145386317,0.49793129991340324,0.0270374290387761
2018-11-08,0.22597254004576658,0.08371472158657513,0.19870327993897788,0.4876048817696415,0.004004576659038902
2018-11-09,0.2204690831556503,0.16929637526652452,0.2878464818763326,0.2987206823027719,0.02366737739872068
2018-11-10,0.27577937649880097,0.08603117505995204,0.3162470023980815,0.30035971223021585,0.02158273381294964
2018-11-11,0.35567282321899735,0.24538258575197888,0.1546174142480211,0.19788918205804748,0.04643799472295514
2018-11-12,0.2389110984199505,0.08547496668570341,0.2299638301922711,0.4285170378831144,0.017133066818960593
2018-11-13,0.24603555982700626,0.09082172032676598,0.22657376261412782,0.41182123978856316,0.024747717443536762
2018-11-14,0.23667481662591688,0.10806845965770172,0.265281173594132,0.36772616136919317,0.022249388753056234
2018-11-15,0.2743280815569972,0.11306765523632993,0.24621563175780042,0.340129749768304,0.02625888168056843
2018-11-16,0.26518105849582174,0.10389972144846797,0.25292479108635096,0.35682451253481895,0.02116991643454039
2018-11-17,0.236077057793345,0.06374781085814361,0.2637478108581436,0.4133099824868651,0.023117338003502626
2018-11-18,0.3142677561282212,0.21873035826524198,0.13827781269641734,0.2771841609050911,0.051539912005028284
2018-11-19,0.26501766784452296,0.09341872791519434,0.24558303886925795,0.3657243816254417,0.03025618374558304
2018-11-20,0.25261932479627475,0.09225844004656578,0.2508731082654249,0.3859138533178114,0.018335273573923165
2018-11-21,0.2859203693017888,0.11309867282169649,0.25014425851125216,0.33006347374495093,0.0207732256203116
2018-11-22,0.25250737463126843,0.09498525073746313,0.24188790560471976,0.3846607669616519,0.025958702064896755
2018-11-23,0.250281214848144,0.10376827896512936,0.2483127109111361,0.37682789651293586,0.02080989876265467
2018-11-24,0.233697853381936,0.06156338598622924,0.29040097205346294,0.3932766302146618,0.021061158363710003
2018-11-25,0.37444279346210996,0.2199108469539376,0.1337295690936107,0.25185735512630014,0.020059435364041606
2018-11-26,0.29546742209631727,0.09461756373937677,0.23172804532577904,0.35325779036827193,0.024929178470254956
2018-11-27,0.2761780104712042,0.09587696335078534,0.24574607329842932,0.36387434554973824,0.01832460732984293
2018-11-28,0.295800365185636,0.10712111990261716,0.2674984783931832,0.32379793061472917,0.005782105903834449
2018-11-29,0.25899723162103966,0.1021224238695786,0.24792371577976008,0.36973239003383573,0.02122423869578591
2018-11-30,0.2923076923076923,0.09503407984420642,0.25355404089581307,0.34196689386562806,0.017137293086660177
2018-12-01,0.40384615384615385,0.20833333333333334,0.14743589743589744,0.21153846153846154,0.028846153846153848
2018-12-02,0.3583815028901734,0.29335260115606937,0.11127167630057803,0.2153179190751445,0.02167630057803468
2018-12-03,0.3013024602026049,0.09753979739507959,0.23704775687409552,0.34703328509406656,0.0170767004341534
2018-12-04,0.27925801011804385,0.08903878583473862,0.23170320404721753,0.38043844856661047,0.019561551433389546
2018-12-05,0.26323071601521963,0.11207194742303701,0.2438602559667935,0.3576617087512971,0.023175371843652714
2018-12-06,0.29320780094149296,0.09952925353059852,0.2484868863483524,0.33927370544720914,0.019502353732347006
2018-12-07,0.3171709806780897,0.1075464819540649,0.2008749544294568,0.3448778709442217,0.02952971199416697
2018-12-08,0.27529626253418416,0.05697356426618049,0.26162260711030083,0.38833181403828626,0.017775752051048314
2018-12-09,0.39690301548492257,0.24205378973105135,0.13691931540342298,0.1980440097799511,0.026079869600651995
2018-12-10,0.30143249009448336,0.09478817433709234,0.2459615970740628,0.33678756476683935,0.021030173727522097
2018-12-11,0.3033863165169316,0.0856945404284727,0.22667588113337941,0.364201796821009,0.020041465100207326
2018-12-12,0.29555997349237906,0.09244532803180915,0.2654075546719682,0.3260437375745527,0.02054340622929092
2018-12-13,0.3069969869434215,0.08871777703381319,0.23870103783059926,0.34817542684968195,0.017408771342484097
2018-12-14,0.3085245901639344,0.09540983606557377,0.2498360655737705,0.33114754098360655,0.015081967213114755
2018-12-15,0.30141287284144425,0.05180533751962323,0.24385138670852957,0.39089481946624804,0.012035583464154892
2018-12-16,0.38720829732065687,0.24200518582541056,0.11927398444252377,0.22558340535868626,0.02592912705272256
2018-12-17,0.3058461538461538,0.10553846153846154,0.2403076923076923,0.33076923076923076,0.017538461538461537
2018-12-18,0.22521137586471945,0.11260568793235973,0.27478862413528055,0.3712528823981553,0.01614142966948501
2018-12-19,0.311140849782536,0.1134158581465373,0.2335229173636668,0.32485781197724994,0.01706256273001004
2018-12-20,0.2970813064628214,0.11049339819318972,0.23558026407227242,0.3370396108408617,0.01980542043085476
2018-12-21,0.30169726359542776,0.12123311395912713,0.2459300311742293,0.31104953238656047,0.02009005888465535
2018-12-22,0.29237668161434976,0.07488789237668161,0.25112107623318386,0.3663677130044843,0.015246636771300448
2018-12-23,0.3883720930232558,0.27054263565891473,0.13643410852713178,0.18372093023255814,0.020930232558139535
2018-12-24,0.31841801385681295,0.101905311778291,0.2471131639722864,0.31841801385681295,0.014145496535796767
2018-12-25,0.2794943820224719,0.1267556179775281,0.20049157303370788,0.36832865168539325,0.024929775280898875
2018-12-26,0.2641242937853107,0.12252824858757062,0.2560028248587571,0.3403954802259887,0.01694915254237288
2018-12-27,0.2706543291473893,0.1130204890945142,0.2594183740912095,0.3387309980171844,0.018175809649702578
2018-12-28,0.3000312207305651,0.1105213862004371,0.261317514829847,0.30096784264751797,0.027162035591632844
2018-12-29,0.2691029900332226,0.0812107788851975,0.2901439645625692,0.3399778516057586,0.019564414913252122
2018-12-30,0.3415529905561385,0.2728226652675761,0.16684155299055614,0.1852046169989507,0.033578174186778595
2018-12-31,0.2668802365697388,0.18050763923114835,0.2177180877279448,0.29866929521931984,0.0362247412518482
2019-01-01,0.096,0.008,0.088,0.808,0.0
2019-01-02,0.30131779016725796,0.15255955397871263,0.25038013177901675,0.2714140902179422,0.024328433857070453
2019-01-03,0.2753623188405797,0.12190963341858482,0.25859619210002843,0.31798806479113384,0.026143790849673203
2019-01-04,0.3067542213883677,0.12445278298936835,0.25453408380237647,0.29362101313320826,0.020637898686679174
2019-01-05,0.26958424507658646,0.06564551422319474,0.2897155361050328,0.35098468271334793,0.024070021881838075
2019-01-06,0.3693570451436389,0.292749658002736,0.12859097127222982,0.17647058823529413,0.03283173734610123
2019-01-07,0.34610472541507026,0.1194125159642401,0.24521072796934865,0.2662835249042146,0.022988505747126436
2019-01-08,0.21979098628347485,0.12181580666231222,0.23514043109079033,0.3905943827563684,0.032658393207054215
2019-01-09,0.2581453634085213,0.12907268170426064,0.26785714285714285,0.3192355889724311,0.02568922305764411
2019-01-10,0.280722534794196,0.10926858158128516,0.2691738229197513,0.3218833283979864,0.018951732306781165
2019-01-11,0.28468033775633295,0.10434258142340169,0.2861881785283474,0.3033775633293124,0.02141133896260555
2019-01-12,0.2837696335078534,0.05968586387434555,0.2973821989528796,0.33263525305410124,0.026527050610820245
2019-01-13,0.3421487603305785,0.25840220385674934,0.17796143250688706,0.18622589531680442,0.03526170798898071
2019-01-14,0.3453378001116695,0.12283640424343942,0.28922389726409825,0.21412618648799553,0.02847571189279732
2019-01-15,0.27575175943698016,0.10460652591170826,0.21849008317338453,0.3752399232245681,0.025911708253358926
2019-01-16,0.29319925906324423,0.112463614712887,0.23286583752315426,0.3421540089970892,0.019317279703625297
2019-01-17,0.29630650496141125,0.0984013230429989,0.24834619625137816,0.33792723263506064,0.019018743109151047
2019-01-18,0.28474484256243215,0.10640608034744843,0.28447339847991315,0.3002171552660152,0.024158523344191097
2019-01-19,0.2831050228310502,0.06217070600632244,0.30979978925184404,0.3259571478749561,0.018967334035827187
2019-01-20,0.3820093457943925,0.2628504672897196,0.14719626168224298,0.17757009345794392,0.030373831775700934
2019-01-21,0.31334149326805383,0.10599755201958384,0.25630354957160345,0.30526315789473685,0.01909424724602203
2019-01-22,0.2996923076923077,0.088,0.24861538461538463,0.3372307692307692,0.02646153846153846
2019-01-23,0.29131175468483816,0.11442362294151051,0.26519023282226006,0.30721181147075527,0.021862578080636002
2019-01-24,0.28981565427621636,0.09731036566938653,0.2777274100936839,0.3158053792686612,0.01934119069205198
2019-01-25,0.310394471638353,0.09876187733947596,0.24820040310970343,0.32162395623380363,0.021019291678663978
2019-01-26,0.24056603773584906,0.03891509433962264,0.19221698113207547,0.5029481132075472,0.02535377358490566
2019-01-27,0.3543365455893254,0.30096367679762787,0.13713862120088954,0.1771682727946627,0.03039288361749444
2019-01-28,0.32648158035237584,0.09263214095034704,0.2618793379604912,0.2984516817939135,0.020555258942872398
2019-01-29,0.33150584795321636,0.10562865497076024,0.26169590643274854,0.28326023391812866,0.017909356725146198
2019-01-30,0.30453879941434847,0.12298682284040996,0.2849194729136164,0.27144948755490483,0.016105417276720352
2019-01-31,0.3079752549740846,0.10851028256144457,0.27687677645878617,0.2865741514796857,0.020063534525998995
2019-02-01,0.03587443946188341,0.3811659192825112,0.17040358744394618,0.4125560538116592,0.0
2019-02-02,0.3211466555878687,0.0677191524719568,0.23390112172829247,0.3606148732862484,0.016618196925633568
2019-02-03,0.40125786163522015,0.279874213836478,0.14465408805031446,0.15283018867924528,0.021383647798742137
2019-02-04,0.32046936114732727,0.11629726205997393,0.25840938722294654,0.28135593220338984,0.02346805736636245
2019-02-05,0.31354135110572556,0.1093607997576492,0.24598606482883975,0.30960315056043625,0.02150863374734929
2019-02-06,0.32333516785910843,0.10346725371491469,0.2691249312052834,0.2856356631810677,0.018436984039625758
2019-02-07,0.33753148614609574,0.08438287153652393,0.2531486146095718,0.30856423173803527,0.0163727959697733
2019-02-08,0.33994179701709715,0.07548199345216443,0.2851946162240815,0.2810112768279374,0.018370316478719534
2019-02-09,0.023809523809523808,0.2767857142857143,0.28273809523809523,0.4166666666666667,0.0
2019-02-10,0.3582169709989259,0.25510204081632654,0.158968850698174,0.19871106337271752,0.02900107411385607
2019-02-11,0.32687201274561867,0.12187997875730218,0.2496016994158258,0.2822623473181094,0.019383961763143918
2019-02-12,0.3174555321073259,0.1106421465179379,0.25384383479047334,0.2954476936991257,0.022610792885137173
2019-02-13,0.30101302460202606,0.1515918958031838,0.24529667149059334,0.2821997105643994,0.019898697539797394
2019-02-14,0.31980763450556055,0.1109107303877367,0.24256086564472498,0.2981665163811241,0.02855425308085362
2019-02-15,0.3230495401957876,0.11925244734500148,0.28418866805102344,0.2459210916641946,0.027588252743992882
2019-02-16,0.3169921063564603,0.08309098462816784,0.29995845450768593,0.27669297881179894,0.023265475695886995
2019-02-17,0.37392900856793143,0.31701346389228885,0.12607099143206854,0.15055079559363524,0.03243574051407589
2019-02-18,0.2866043613707165,0.11979609175870858,0.25007080147267063,0.32087227414330216,0.022656471254602097
2019-02-19,0.34238971662284545,0.1200701139351446,0.24773590417762198,0.2684779433245691,0.02132632193981887
2019-02-20,0.33476923076923076,0.12276923076923077,0.2609230769230769,0.2553846153846154,0.026153846153846153
2019-02-21,0.3148089674771077,0.11272497631828228,0.2778654878433849,0.27123460688348594,0.023365961477739186
2019-02-22,0.3252318516149664,0.12312120243044451,0.26191237607930923,0.26734889670610806,0.02238567316917173
2019-02-23,0.29393939393939394,0.07626262626262627,0.27474747474747474,0.34494949494949495,0.010101010101010102
2019-02-24,0.41145490454246214,0.3094140882159315,0.1184990125082291,0.13495720868992758,0.025674786043449638
2019-02-25,0.3180345572354212,0.12284017278617711,0.27483801295896326,0.25944924406047515,0.024838012958963283
2019-02-26,0.29413735343383585,0.12663316582914572,0.2646566164154104,0.2911222780569514,0.023450586264656615
2019-02-27,0.29753309265944644,0.13116726835138387,0.2638387484957882,0.2888086642599278,0.01865222623345367
2019-02-28,0.33391070053887606,0.1056581986143187,0.2684757505773672,0.2636643571978445,0.028290993071593534
2019-03-01,0.2642884541618719,0.11929420790180284,0.26582278481012656,0.33294975067126964,0.017644802454929037
2019-03-02,0.14071294559099437,0.19699812382739212,0.2026266416510319,0.44652908067542213,0.013133208255159476
2019-03-03,0.34342186534898084,0.2816553428042001,0.10500308832612724,0.23162445954292774,0.03829524397776405
2019-03-04,0.3152741514360313,0.13315926892950392,0.20430809399477806,0.31418624891209745,0.03307223672758921
2019-03-05,0.34645402103834405,0.11910417373600271,0.2480488632507635,0.2694265354597896,0.0169664065151001
2019-03-06,0.3297502371166614,0.12646221941195068,0.26240910527979766,0.25735061650331964,0.02402782168827063
2019-03-07,0.2982126058325494,0.13860144245845094,0.2486672938225149,0.2872373784885544,0.027281279397930385
2019-03-08,0.3173738532110092,0.125,0.28784403669724773,0.25286697247706424,0.0169151376146789
2019-03-09,0.30991569650742673,0.09152950622240064,0.2810116419108792,0.2990766760337214,0.01846647932557206
2019-03-10,0.3925294888597641,0.3309305373525557,0.11140235910878113,0.1382699868938401,0.026867627785058978
2019-03-11,0.3253528225806452,0.11542338709677419,0.26814516129032256,0.2694052419354839,0.021673387096774195
2019-03-12,0.3233169604160647,0.11730713666570355,0.25599537705865355,0.28777809881537125,0.015602427044206876
2019-03-13,0.3371994342291372,0.13295615275813297,0.25205091937765206,0.2497878359264498,0.028005657708628007
2019-03-14,0.34291832364637503,0.1168553074334659,0.24441725298256348,0.2777607831141022,0.018048332823493423
2019-03-15,0.33382094792276185,0.13165593914569923,0.272674078408426,0.24107665301345815,0.02077238150965477
2019-03-16,0.3114053823152499,0.0888509184109355,0.29987184963690733,0.28363947031183256,0.016232379325074753
2019-03-17,0.41519529159978596,0.2814339218833601,0.13162118780096307,0.15195291599785982,0.019796682718031033
2019-03-18,0.346326482400189,0.11717458067564375,0.2575005905976849,0.260099220411056,0.01889912591542641
2019-03-19,0.3380437794402882,0.11083402604599613,0.23413688002216682,0.2986977001939595,0.01828761429758936
2019-03-20,0.3624195624195624,0.09034749034749034,0.2545688545688546,0.2767052767052767,0.01595881595881596
2019-03-21,0.26160648489314664,0.025055268975681652,0.5659543109801032,0.14738393515106854,0.0
2019-03-22,0.21635883905013192,0.1662269129287599,0.24538258575197888,0.35982849604221634,0.012203166226912929
2019-03-23,0.35770609318996416,0.08064516129032258,0.24731182795698925,0.2982078853046595,0.016129032258064516
2019-03-24,0.3818920487521764,0.2826465467208358,0.1282646546720836,0.18340104468949506,0.02379570516540917
2019-03-25,0.35535535535535534,0.12737737737737737,0.27427427427427425,0.24024024024024024,0.0027527527527527527
2019-03-26,0.35060449050086356,0.10765687967760507,0.22251007484168106,0.298503166378814,0.02072538860103627
2019-03-27,0.3529084330642917,0.1168939604787086,0.2705260228221542,0.24074589479543557,0.018925688839409965
2019-03-28,0.33876126781041,0.1235824367548706,0.23582436754870603,0.2823495202093632,0.019482407676650187
2019-03-29,0.322562358276644,0.1292517006802721,0.25878684807256236,0.26927437641723356,0.020124716553287982
2019-03-30,0.30035912504080964,0.0842311459353575,0.2794645772118838,0.31603003591250406,0.019915115899444988
2019-03-31,0.3545473208786697,0.14535003079449804,0.20796551016218437,0.2689386163005543,0.023198521864093616
2019-04-01,0.007772020725388601,0.35103626943005184,0.21373056994818654,0.4274611398963731,0.0
2019-04-02,0.30878634639696584,0.09418457648546144,0.21649810366624525,0.36441213653603033,0.016118836915297093
2019-04-03,0.29020618556701033,0.1056701030927835,0.25438144329896906,0.33170103092783504,0.01804123711340206
2019-04-04,0.2688401924104757,0.09246392303580973,0.2324959914484233,0.3890967397113843,0.017103153393907
2019-04-05,0.2504520795660036,0.09312839059674503,0.19507233273056057,0.4400994575045208,0.021247739602169982
2019-04-06,0.19679961786481967,0.080009553379508,0.18939574874611895,0.5032242655839503,0.030570814425603058
2019-04-07,0.35714285714285715,0.312807881773399,0.10443349753694581,0.17438423645320197,0.05123152709359606
2019-04-08,0.32381615598885793,0.13649025069637882,0.2330547818012999,0.28714020427112347,0.019498607242339833
2019-04-09,0.31396825396825395,0.14317460317460318,0.2396825396825397,0.2803174603174603,0.022857142857142857
2019-04-10,0.3289760348583878,0.1328976034858388,0.2587145969498911,0.2611655773420479,0.01824618736383442
2019-04-11,0.26109491415613867,0.15419501133786848,0.2400388726919339,0.32458697764820216,0.02008422416585682
2019-04-12,0.34911242603550297,0.1564188320041163,0.2402881399536918,0.23771546179572936,0.01646514021095961
2019-04-13,0.3004513217279175,0.109284332688588,0.25757575757575757,0.3033526756931012,0.02933591231463572
2019-04-14,0.35428571428571426,0.2805194805194805,0.16415584415584417,0.17194805194805196,0.02909090909090909
2019-04-15,0.3551912568306011,0.11676732815645671,0.26028185217141214,0.24935289042277825,0.018406672418751796
2019-04-16,0.3599439775910364,0.125,0.20798319327731093,0.28886554621848737,0.018207282913165267
2019-04-17,0.3589664718548139,0.1344201784066441,0.21900953552753,0.27037834512457704,0.017225469086434943
2019-04-18,0.35703305149884706,0.15411222136817831,0.13412759415833975,0.32744043043812454,0.027286702536510377
2019-04-19,0.33873433200856007,0.14185264445123816,0.22317334148578416,0.27300519718740446,0.023234484867013145
2019-04-20,0.35294117647058826,0.08141176470588235,0.23952941176470588,0.3049411764705882,0.021176470588235293
2019-04-21,0.3961593172119488,0.3314366998577525,0.10099573257467995,0.1379800853485064,0.033428165007112376
2019-04-22,0.3549187103885368,0.12951226233122073,0.22733535409203637,0.27335354092036374,0.014880132267842381
2019-04-23,0.36687116564417177,0.14805725971370143,0.23517382413087934,0.2282208588957055,0.021676891615541923
2019-04-24,0.3702302112898139,0.1280353200883002,0.2229580573951435,0.26332387259539575,0.01545253863134658
2019-04-25,0.33751270755676044,0.1338529312097594,0.232802439850898,0.2734666214842426,0.022365299898339547
2019-04-26,0.32989690721649484,0.13883161512027492,0.24536082474226803,0.2639175257731959,0.021993127147766325
2019-04-27,0.3365740740740741,0.09166666666666666,0.2657407407407407,0.2875,0.018518518518518517
2019-04-28,0.37555555555555553,0.3251851851851852,0.11703703703703704,0.16148148148148148,0.02074074074074074
2019-04-29,0.34025656689065364,0.13805742211362249,0.25534514355528404,0.24557116676847893,0.020769700671960906
2019-04-30,0.36082474226804123,0.12082474226804124,0.2065979381443299,0.2948453608247423,0.016907216494845362
2019-05-01,0.27837721191195514,0.23090202848511004,0.1247302546396202,0.33621061717738454,0.029779887785930083
2019-05-02,0.28524977830328113,0.12030741945019213,0.2642624889151641,0.31126219331953886,0.018918120011823827
2019-05-03,0.3338842975206612,0.1312396694214876,0.20925619834710743,0.3087603305785124,0.016859504132231404
2019-05-04,0.296875,0.08552631578947369,0.23684210526315788,0.35238486842105265,0.02837171052631579
2019-05-05,0.3914174252275683,0.28218465539661897,0.08972691807542263,0.2093628088426528,0.027308192457737322
2019-05-06,0.2994706327199395,0.11973783715654147,0.20872195613813965,0.3546760776405344,0.01739349634484497
2019-05-07,0.2886866059817945,0.10325097529258778,0.21040312093628089,0.37685305591677504,0.02080624187256177
2019-05-08,0.3457183297947629,0.1397735314932767,0.24769992922859166,0.251238499646143,0.01556970983722576
2019-05-09,0.3299265410412009,0.11913126796550623,0.24273395081443627,0.29128074097732354,0.016927499201533056
2019-05-10,0.3471636952998379,0.12771474878444083,0.2505672609400324,0.2606158833063209,0.01393841166936791
2019-05-11,0.311455360782715,0.08438646555238484,0.27598858540562576,0.31308601712189155,0.015083571137382797
2019-05-12,0.4458370635631155,0.17636526410026857,0.1611459265890779,0.17994628469113697,0.03670546105640107
2019-05-13,0.3362903225806452,0.13790322580645162,0.24220430107526883,0.26801075268817204,0.015591397849462365
2019-05-14,0.33190052195271724,0.13079521031624194,0.25729198649063556,0.26097635861221985,0.01903592262818545
2019-05-15,0.3261124121779859,0.1443208430913349,0.2461943793911007,0.26375878220140514,0.019613583138173303
2019-05-16,0.3242753623188406,0.12167874396135266,0.24547101449275363,0.28683574879227053,0.021739130434782608
2019-05-17,0.3281877122568694,0.13430071009570854,0.2340228465575795,0.28619944427292376,0.0172892868169188
2019-05-18,0.27683837986629967,0.09437672040896579,0.2819504522217853,0.3307117577664176,0.016122689736531654
2019-05-19,0.3725202057310801,0.29537105069801617,0.15723732549595884,0.16531961792799413,0.009551800146950772
2019-05-20,0.33944486885663355,0.12554112554112554,0.24904507257448433,0.2661064425770308,0.019862490450725745
2019-05-21,0.3310236220472441,0.11338582677165354,0.2415748031496063,0.287244094488189,0.026771653543307086
2019-05-22,0.32336182336182334,0.12735042735042734,0.25925925925925924,0.2709401709401709,0.019088319088319088
2019-05-23,0.28525641025641024,0.1346153846153846,0.25854700854700857,0.29985754985754987,0.021723646723646725
2019-05-24,0.33455545371219064,0.1362664222425909,0.25053467766575005,0.25847846012832265,0.02016498625114574
2019-05-25,0.2920459042342699,0.09101701622477246,0.2659279778393352,0.3308270676691729,0.020182034032449545
2019-05-26,0.41982864137086906,0.29436964504283963,0.12484700122399021,0.13892288861689106,0.022031823745410038
2019-05-27,0.3458762886597938,0.13144329896907217,0.24329896907216494,0.2615979381443299,0.017783505154639175
2019-05-28,0.3312788906009245,0.13158705701078582,0.24098613251155623,0.2785824345146379,0.017565485362095533
2019-05-29,0.3364592213697073,0.1329923273657289,0.2557544757033248,0.25689116226200626,0.017902813299232736
2019-05-30,0.338474025974026,0.11444805194805195,0.24053030303030304,0.2813852813852814,0.025162337662337664
2019-05-31,0.35566316922249125,0.12321764864137745,0.2413236481033091,0.2580037664783427,0.021791767554479417
2019-06-01,0.3554396423248882,0.07078986587183309,0.2581967213114754,0.3025335320417288,0.013040238450074515
2019-06-02,0.48613963039014374,0.2433264887063655,0.11088295687885011,0.13141683778234087,0.028234086242299793
2019-06-03,0.4150442477876106,0.10663716814159292,0.23495575221238937,0.22876106194690266,0.014601769911504425
2019-06-04,0.4469203279377759,0.09796089972671852,0.1814168593651461,0.25520285894471306,0.018499054025646416
2019-06-05,0.3230769230769231,0.14526627218934912,0.24319526627218935,0.26420118343195265,0.0242603550295858
2019-06-06,0.3590764331210191,0.11332271762208068,0.2423036093418259,0.2603503184713376,0.024946921443736732
2019-06-07,0.35950090979984406,0.12191317910059787,0.26176241226930075,0.2394073303873148,0.017416168442942553
2019-06-08,0.302129221732746,0.0697503671071953,0.2988252569750367,0.31057268722466963,0.018722466960352423
2019-06-09,0.3976470588235294,0.31176470588235294,0.12529411764705883,0.13647058823529412,0.028823529411764706
2019-06-10,0.32486823191183517,0.1238620028749401,0.26976521322472446,0.2613799712505989,0.020124580737901295
2019-06-11,0.3257110987172337,0.1121026213050753,0.2534857780256553,0.29113218070273283,0.017568321249302844
2019-06-12,0.326730058108822,0.1254622292657158,0.30084521922873747,0.22503961965134706,0.021922873745377706
2019-06-13,0.28539884073971844,0.11758211426994204,0.2950593430858405,0.28346674027049407,0.01849296163400497
2019-06-14,0.30931961120640367,0.13664951400800457,0.3076043453401944,0.2281303602058319,0.018296169239565466
2019-06-15,0.3061959654178674,0.06880403458213256,0.30295389048991356,0.3072766570605187,0.014769452449567724
2019-06-16,0.3846590909090909,0.28295454545454546,0.15170454545454545,0.1534090909090909,0.02727272727272727
2019-06-17,0.32110306146295864,0.13063799953260108,0.2731946716522552,0.2563683103528862,0.0186959569992989
2019-06-18,0.3189942441684338,0.1175401393517116,0.2608300514995456,0.28415631626779764,0.01847924871251136
2019-06-19,0.3068241469816273,0.1356955380577428,0.27585301837270343,0.26194225721784775,0.01968503937007874
2019-06-20,0.3010175240248728,0.12323346523459582,0.2608818541548898,0.29508196721311475,0.01978518937252685
2019-06-21,0.3132284382284382,0.12383449883449883,0.2733100233100233,0.2680652680652681,0.02156177156177156
2019-06-22,0.27985668789808915,0.07961783439490445,0.3252388535031847,0.3001592356687898,0.015127388535031847
2019-06-23,0.41090018371096143,0.26393141457440294,0.1383955909369259,0.16656460502143294,0.02020820575627679
2019-06-24,0.32413249211356465,0.1309148264984227,0.28890641430073605,0.23974763406940064,0.01629863301787592
2019-06-25,0.3173747622067216,0.1176284083703234,0.2612555485098288,0.2859860494610019,0.017755231452124286
2019-06-26,0.3003194888178914,0.14086552425210572,0.28986349114144644,0.24978216671507406,0.019169329073482427
2019-06-27,0.30342857142857144,0.12628571428571428,0.28,0.27285714285714285,0.01742857142857143
2019-06-28,0.32793407217959647,0.1329923273657289,0.29752770673486784,0.22364308042057401,0.017902813299232736
2019-06-29,0.2819626814098134,0.09433310297166551,0.3279198341395992,0.27816171389080857,0.017622667588113337
2019-06-30,0.3444387493593029,0.25781650435674014,0.2060481804202973,0.16658124038954383,0.025115325474115838
2019-07-01,0.32438356164383564,0.1304109589041096,0.2857534246575342,0.24136986301369864,0.01808219178082192
2019-07-02,0.3175591531755915,0.12079701120797011,0.2534246575342466,0.286425902864259,0.021793275217932753
2019-07-03,0.2860878661087866,0.12735355648535565,0.23457112970711297,0.3310669456066946,0.02092050209205021
2019-07-04,0.29150943396226414,0.10731132075471699,0.24929245283018867,0.3283018867924528,0.02358490566037736
2019-07-05,0.3076923076923077,0.0,0.0,0.6923076923076923,0.0
