Date,Open,High,Low,Close
2-January-2017,26711.15,26720.98,26447.06,26595.45
3-January-2017,26616.92,26724.4,26488.37,26643.24
4-January-2017,26677.22,26723.37,26606.06,26633.13
5-January-2017,26738.42,26917.21,26738.42,26878.24
6-January-2017,26929.69,27009.61,26733.33,26759.23
9-January-2017,26860.81,26860.88,26701.18,26726.55
10-January-2017,26811.63,26914.95,26804.17,26899.56
11-January-2017,26978.44,27174.87,26978.44,27140.41
12-January-2017,27171.66,27278.93,27166.69,27247.16
13-January-2017,27378.01,27459.75,27143.07,27238.06
16-January-2017,27238.35,27335.08,27172.68,27288.17
17-January-2017,27331.82,27381.43,27179.19,27235.66
18-January-2017,27261.76,27422.67,27217.65,27257.64
19-January-2017,27253.34,27348.19,27219.89,27308.6
20-January-2017,27232.69,27264.41,27009.81,27034.5
23-January-2017,26990.93,27167.79,26963.58,27117.34
24-January-2017,27170.88,27393.35,27140.85,27375.58
25-January-2017,27462.83,27736.83,27439.68,27708.14
27-January-2017,27761.03,27980.39,27759.48,27882.46
30-January-2017,27866.8,27947.37,27813.32,27849.56
31-January-2017,27867.92,27867.92,27624.54,27655.96
1-February-2017,27669.08,28159.54,27590.1,28141.64
2-February-2017,28167.83,28299.92,28070.81,28226.61
3-February-2017,28270.67,28280.58,28127.18,28240.52
6-February-2017,28340.39,28487.28,28340.39,28439.28
7-February-2017,28443.23,28483.41,28239.12,28335.16
8-February-2017,28386.08,28391.64,28149.08,28289.92
9-February-2017,28349.22,28469.48,28152.18,28329.7
10-February-2017,28367.17,28456.18,28286.8,28334.25
13-February-2017,28450.42,28458.8,28197.38,28351.62
14-February-2017,28386.12,28393.42,28263.45,28339.31
15-February-2017,28270.11,28382.32,28102.23,28155.56
16-February-2017,28223.85,28327.84,28146.19,28301.27
17-February-2017,28670.43,28726.26,28410.91,28468.75
20-February-2017,28481.91,28696.53,28419.27,28661.58
21-February-2017,28716.7,28801,28597.33,28761.59
22-February-2017,28822.4,28963.52,28789.3,28864.71
23-February-2017,28927.67,29065.31,28860.46,28892.97
27-February-2017,28910.5,28961.83,28791.19,28812.88
28-February-2017,28825.19,28876.54,28721.12,28743.32
1-March-2017,28849.04,29029.17,28824.17,28984.49
2-March-2017,29117.38,29145.62,28784.31,28839.79
3-March-2017,28827.5,28860.13,28716.21,28832.45
6-March-2017,28859.21,29070.2,28856.12,29048.19
7-March-2017,29092.16,29098.17,28957.68,28999.56
8-March-2017,29021.06,29022.32,28815.48,28901.94
9-March-2017,28909.7,28986.72,28815.02,28929.13
10-March-2017,29006,29076.63,28851.04,28946.23
14-March-2017,29437.23,29561.93,29356.05,29442.63
15-March-2017,29452.86,29500.08,29358.91,29398.11
16-March-2017,29482.83,29614.79,29482.83,29585.85
17-March-2017,29755.74,29824.62,29601.86,29648.99
20-March-2017,29653.54,29699.48,29482.4,29518.74
21-March-2017,29525.88,29585.05,29380.14,29485.45
22-March-2017,29341.41,29341.41,29137.48,29167.68
23-March-2017,29201.01,29373.79,29198.08,29332.16
24-March-2017,29350.6,29539.85,29350.17,29421.4
27-March-2017,29395.68,29420.7,29163.54,29237.15
28-March-2017,29301.22,29442.18,29301.22,29409.52
29-March-2017,29463.01,29554.39,29439.42,29531.43
30-March-2017,29538.03,29684.54,29521.65,29647.42
31-March-2017,29633.91,29687.64,29552.61,29620.5
3-April-2017,29737.73,29926.94,29705.72,29910.22
5-April-2017,29996.03,30007.48,29817.69,29974.24
6-April-2017,29946.89,29954.25,29817.59,29927.34
7-April-2017,29850.71,29886.12,29668.45,29706.61
10-April-2017,29752.62,29831.32,29553.04,29575.74
11-April-2017,29630.06,29804.51,29570.58,29788.35
12-April-2017,29838.82,29838.82,29549.74,29643.48
13-April-2017,29637.12,29660.48,29442.26,29461.45
17-April-2017,29470.27,29494.08,29363.28,29413.66
18-April-2017,29487.78,29701.19,29286.38,29319.1
19-April-2017,29369.9,29388.25,29241.48,29336.57
20-April-2017,29358.59,29453.06,29341.68,29422.39
21-April-2017,29575.66,29584.34,29259.42,29365.3
24-April-2017,29407.68,29681.33,29392.99,29655.84
25-April-2017,29825.14,29961.82,29780.84,29943.24
26-April-2017,30030.2,30167.09,29968.57,30133.35
27-April-2017,30141.39,30184.22,29973.4,30029.74
28-April-2017,30064.6,30067.64,29848.21,29918.4
2-May-2017,30021.49,30069.24,29804.12,29921.18
3-May-2017,29984.95,30020.59,29846.57,29894.8
4-May-2017,30069.72,30169.95,30007.4,30126.21
5-May-2017,30142.14,30176.55,29823.6,29858.8
8-May-2017,29915.12,30016.04,29877.41,29926.15
9-May-2017,29977.5,30017.82,29911.44,29933.25
10-May-2017,29988.78,30271.6,29987.44,30248.17
11-May-2017,30309.71,30366.43,30207.11,30250.98
12-May-2017,30285.61,30299.74,30111.45,30188.15
15-May-2017,30287.37,30357.96,30273.62,30322.12
16-May-2017,30391.48,30591.55,30363.37,30582.6
17-May-2017,30616.53,30692.45,30519.14,30658.77
18-May-2017,30466.82,30575.83,30393.72,30434.79
19-May-2017,30539.65,30712.35,30338.52,30464.92
22-May-2017,30638.88,30712.15,30516.87,30570.97
23-May-2017,30553.89,30610.64,30316.92,30365.25
24-May-2017,30446.77,30534.15,30247.6,30301.64
25-May-2017,30374.81,30793.43,30352.26,30750.03
26-May-2017,30765.77,31074.07,30745.57,31028.21
29-May-2017,30944.38,31214.39,30869.9,31109.28
30-May-2017,31111.73,31220.38,31064.04,31159.4
31-May-2017,31222.51,31255.28,31107.48,31145.8
1-June-2017,31117.09,31213.12,31062.02,31137.59
2-June-2017,31205.37,31332.56,31190.4,31273.29
5-June-2017,31274.74,31355.42,31198.22,31309.49
6-June-2017,31420.85,31430.32,31172.55,31190.56
7-June-2017,31252.71,31346.99,31172.98,31271.28
8-June-2017,31316.91,31354.51,31193.77,31213.36
9-June-2017,31196.86,31289.99,31087.28,31262.06
12-June-2017,31225.43,31225.43,31044.28,31095.7
13-June-2017,31091.1,31260.77,31062.34,31103.49
14-June-2017,31147.69,31190.36,31054.94,31155.91
15-June-2017,31222.89,31229.44,31026.48,31075.73
16-June-2017,31160.47,31182.73,31017.18,31056.4
19-June-2017,31168.98,31362.15,31163.35,31311.57
20-June-2017,31392.53,31392.53,31261.49,31297.53
21-June-2017,31302.18,31336.44,31193.61,31283.64
22-June-2017,31351.53,31522.87,31255.63,31290.74
23-June-2017,31352.57,31365.39,31110.39,31138.21
27-June-2017,31194.68,31294.96,30847.08,30958.25
28-June-2017,30988.87,31000.48,30798.7,30834.32
29-June-2017,30910.97,31097.92,30794.61,30857.52
30-June-2017,30824.97,30965.45,30680.66,30921.61
3-July-2017,31156.04,31258.33,31017.11,31221.62
4-July-2017,31331.21,31353.46,31166.37,31209.79
5-July-2017,31272.72,31284.64,31177.78,31245.56
6-July-2017,31298.42,31460.7,31264.86,31369.34
7-July-2017,31373.52,31426.29,31286.62,31360.63
10-July-2017,31510.62,31768.39,31471.41,31715.64
11-July-2017,31789.5,31885.11,31718.48,31747.09
12-July-2017,31813.24,31865.69,31731.43,31804.82
13-July-2017,31896.23,32091.52,31892.63,32037.38
14-July-2017,32099.93,32109.75,31897.87,32020.75
17-July-2017,32053.98,32131.92,32037.21,32074.78
18-July-2017,31775.54,31911.61,31626.44,31710.99
19-July-2017,31882.8,31978.89,31793.72,31955.35
20-July-2017,32033.82,32057.12,31859.5,31904.4
21-July-2017,32035.88,32062.23,31808.93,32028.89
24-July-2017,32100.22,32320.86,32058.33,32245.87
25-July-2017,32350.71,32374.3,32196.86,32228.27
26-July-2017,32255.99,32413.63,32226.08,32382.46
27-July-2017,32519.44,32672.66,32325.33,32383.3
28-July-2017,32381.36,32381.36,32104.66,32309.88
31-July-2017,32412.2,32546.5,32324.45,32514.94
1-August-2017,32579.8,32632.02,32462.25,32575.17
2-August-2017,32641.58,32686.48,32394.89,32476.74
3-August-2017,32502.55,32502.55,32194.58,32237.88
4-August-2017,32191.12,32352.19,32107.99,32325.41
7-August-2017,32377.8,32396.14,32235.82,32273.67
8-August-2017,32341.05,32354.77,31915.2,32014.19
9-August-2017,31926.14,31967.28,31731.91,31797.84
10-August-2017,31750.73,31756.27,31422.8,31531.33
11-August-2017,31355.92,31379.2,31128.02,31213.59
14-August-2017,31299.52,31526.4,31298.9,31449.03
16-August-2017,31566.24,31805.99,31399.35,31770.89
17-August-2017,31919.17,31937.51,31714.1,31795.46
18-August-2017,31729.88,31729.88,31349.13,31524.68
21-August-2017,31609.93,31641.81,31220.53,31258.85
22-August-2017,31393.93,31484.28,31241.5,31291.85
23-August-2017,31407.47,31593.39,31379.25,31568.01
24-August-2017,31673.44,31678.19,31546.05,31596.06
28-August-2017,31756.87,31809.7,31701.67,31750.82
29-August-2017,31724.84,31739.8,31360.81,31388.39
30-August-2017,31534.57,31727.98,31533.02,31646.46
31-August-2017,31685.44,31757.18,31551.85,31730.49
1-September-2017,31769.34,31944.1,31707.27,31892.23
4-September-2017,31932.2,31932.2,31560.32,31702.25
5-September-2017,31755.16,31863.47,31674.23,31809.55
6-September-2017,31713.5,31727.85,31586.53,31661.97
7-September-2017,31738.74,31814.96,31620.44,31662.74
8-September-2017,31694.15,31763.7,31619,31687.52
11-September-2017,31798.31,31952.87,31797.89,31882.16
12-September-2017,32029.15,32172.46,31950.24,32158.66
13-September-2017,32188.95,32348.3,32126.77,32186.41
14-September-2017,32289.26,32328.61,32186.84,32241.93
15-September-2017,32207.63,32356.11,32138.38,32272.61
18-September-2017,32361.37,32508.06,32361.25,32423.76
19-September-2017,32522.44,32524.11,32358.63,32402.37
20-September-2017,32467.1,32499.88,32383.82,32400.51
21-September-2017,32406.42,32462.61,32164.42,32370.04
22-September-2017,32339.5,32342.81,31886.09,31922.44
25-September-2017,31986.4,32016.52,31474.56,31626.63
26-September-2017,31685.81,31693.59,31455.65,31599.76
27-September-2017,31785.24,31797.46,31100.8,31159.81
28-September-2017,31216.36,31340.91,31081.83,31282.48
29-September-2017,31367.25,31523.87,31243.71,31283.72
3-October-2017,31537.81,31615.28,31440.48,31497.38
4-October-2017,31522.17,31752.16,31457.78,31671.71
5-October-2017,31725.85,31772.41,31562.25,31592.03
6-October-2017,31633.34,31844.28,31632.81,31814.22
9-October-2017,31862.2,31935.63,31781.75,31846.89
10-October-2017,31910.82,31994.77,31896.9,31924.41
11-October-2017,31975.59,32098.46,31769.4,31833.99
12-October-2017,31887.47,32209.03,31813.67,32182.22
13-October-2017,32247.74,32508.59,32247.74,32432.69
16-October-2017,32488.23,32687.32,32445.43,32633.64
17-October-2017,32654.41,32699.86,32556.74,32609.16
18-October-2017,32518.56,32670.32,32462.85,32584.35
19-October-2017,32656.75,32663.06,32319.37,32389.96
23-October-2017,32411.86,32614.89,32312.74,32506.72
24-October-2017,32619.26,32670.37,32502.08,32607.34
25-October-2017,32995.28,33117.33,32804.6,33042.5
26-October-2017,33025.17,33196.17,32835.06,33147.13
27-October-2017,33228.32,33286.51,33109.41,33157.22
30-October-2017,33260.1,33340.17,33206.93,33266.16
31-October-2017,33254.93,33294.3,33164.28,33213.13
1-November-2017,33344.23,33651.52,33340.62,33600.27
2-November-2017,33615.84,33657.57,33527,33573.22
3-November-2017,33667.34,33733.71,33531.94,33685.56
6-November-2017,33710.15,33848.42,33582.38,33731.19
7-November-2017,33781.01,33865.95,33341.82,33370.76
8-November-2017,33417.35,33484.7,33157.68,33218.81
9-November-2017,33376.62,33463.8,33111.54,33250.93
10-November-2017,33235.75,33380.42,33108.09,33314.56
13-November-2017,33397.41,33417.3,32999.98,33033.56
14-November-2017,32990.03,33126.55,32907.11,32941.87
15-November-2017,32944.94,32944.94,32683.59,32760.44
16-November-2017,32829.82,33165.15,32829.82,33106.82
17-November-2017,33388.47,33520.82,33278.91,33342.8
20-November-2017,33365.84,33449.53,33288.21,33359.9
21-November-2017,33438.28,33625.05,33437.61,33478.35
22-November-2017,33569.07,33654.53,33465.23,33561.55
23-November-2017,33575.91,33670.19,33468.3,33588.08
24-November-2017,33670,33738.53,33639.98,33679.24
27-November-2017,33640.51,33745.17,33540.46,33724.44
28-November-2017,33726.65,33770.15,33576.65,33618.59
29-November-2017,33664.27,33728.81,33553.12,33602.76
30-November-2017,33542.5,33576.2,33108.72,33149.35
1-December-2017,33247.66,33300.81,32797.78,32832.94
4-December-2017,32968.02,33008.47,32785.76,32869.72
5-December-2017,32814.03,32893.05,32682.52,32802.44
6-December-2017,32798.5,32804.75,32565.16,32597.18
7-December-2017,32615.05,32992.45,32598.12,32949.21
8-December-2017,33034.2,33285.68,33034.2,33250.3
11-December-2017,33317.72,33535.97,33313.17,33455.79
12-December-2017,33426.59,33458.41,33179.75,33227.99
13-December-2017,33229.73,33404.26,32988.82,33053.04
14-December-2017,33114.69,33321.52,32886.93,33246.7
15-December-2017,33456.02,33621.96,33405.82,33462.97
18-December-2017,33364.52,33801.9,32595.63,33601.68
19-December-2017,33732.08,33862.07,33666.62,33836.74
20-December-2017,33928.59,33956.31,33754.94,33777.38
21-December-2017,33826.25,33860.99,33707.8,33756.28
22-December-2017,33768.47,33964.28,33767.73,33940.3
26-December-2017,33980.76,34061.88,33889.75,34010.61
27-December-2017,34087.32,34137.97,33839.51,33911.81
28-December-2017,33928.86,34023.65,33752.03,33848.03
29-December-2017,33889.39,34086.05,33889.39,34056.83
1-January-2018,34059.99,34101.13,33766.15,33812.75
2-January-2018,33913.55,33964.14,33703.37,33812.26
3-January-2018,33929.61,33998.37,33765.43,33793.38
4-January-2018,33912.49,33995.4,33802.13,33969.64
5-January-2018,34021.27,34188.85,34020.84,34153.85
8-January-2018,34216.33,34385.67,34216.33,34352.79
9-January-2018,34431.61,34488.03,34343.41,34443.19
10-January-2018,34538.78,34565.63,34311.63,34433.07
11-January-2018,34471.48,34558.88,34400.61,34503.49
12-January-2018,34578.99,34638.42,34342.16,34592.39
15-January-2018,34687.21,34963.69,34687.21,34843.51
16-January-2018,34877.71,34936.03,34735.55,34771.05
17-January-2018,34753.8,35118.61,34700.82,35081.82
18-January-2018,35366.45,35507.36,35166.44,35260.29
19-January-2018,35339.11,35542.17,35221.16,35511.58
22-January-2018,35613.97,35827.7,35544.68,35798.01
23-January-2018,35868.19,36170.83,35863.98,36139.98
24-January-2018,36161.62,36268.19,36036.51,36161.64
25-January-2018,36208.39,36247.02,35823.35,36050.44
29-January-2018,36106.36,36443.98,36093.36,36283.25
30-January-2018,36277.12,36291.82,35993.41,36033.73
31-January-2018,35951.64,36050.69,35818.41,35965.02
1-February-2018,36048.99,36256.83,35501.74,35906.66
2-February-2018,35707.6,35738.13,35006.41,35066.75
5-February-2018,34718.85,34874.17,34520.8,34757.16
6-February-2018,33753.78,34521.01,33482.81,34195.94
7-February-2018,34563.3,34666.33,34008.42,34082.71
8-February-2018,34208.11,34634.35,34108.76,34413.16
9-February-2018,34002.45,34070.73,33849.65,34005.76
12-February-2018,34203.34,34351.34,34115.12,34300.47
14-February-2018,34436.98,34473.43,34028.68,34155.95
15-February-2018,34207.57,34535.08,34186.01,34297.47
16-February-2018,34411.24,34508.24,33957.33,34010.76
19-February-2018,34053.95,34122.96,33554.37,33774.66
20-February-2018,33913.94,33960.95,33657.89,33703.59
21-February-2018,33813.83,33911.36,33702.5,33844.86
22-February-2018,33817.09,33868.74,33691.42,33819.5
23-February-2018,33832,34167.6,33832,34142.15
26-February-2018,34225.72,34483.39,34225.72,34445.75
27-February-2018,34558.56,34610.79,34314.87,34346.39
28-February-2018,34155.63,34302.74,34076.45,34184.04
1-March-2018,34141.22,34278.63,34015.79,34046.94
5-March-2018,34034.28,34034.28,33653.41,33746.78
6-March-2018,34047.43,34060.13,33209.76,33317.2
7-March-2018,33279.39,33331.21,32991.14,33033.09
8-March-2018,33244.52,33439.97,33037.48,33351.57
9-March-2018,33465.05,33519.49,33256.42,33307.14
12-March-2018,33468.16,33962.48,33468.16,33917.94
13-March-2018,33818.22,34077.32,33722.96,33856.78
14-March-2018,33733.55,33875.15,33580.69,33835.74
15-March-2018,33843.47,33866.28,33637.28,33685.54
16-March-2018,33685.86,33691.32,33119.92,33176
19-March-2018,33268.97,33275.79,32856.54,32923.12
20-March-2018,32876.48,33102.74,32810.86,32996.76
21-March-2018,33090.82,33354.93,33070.53,33136.18
22-March-2018,33206.99,33281.77,32963.31,33006.27
23-March-2018,32650.89,32720.03,32483.84,32596.54
26-March-2018,32536.44,33115.41,32515.17,33066.41
27-March-2018,33172.98,33371.04,33077.13,33174.39
28-March-2018,33098.09,33104.11,32917.66,32968.68
2-April-2018,33030.87,33289.34,32997.88,33255.36
3-April-2018,33197.42,33402.94,33153.83,33370.63
4-April-2018,33437.52,33505.53,32972.56,33019.07
5-April-2018,33289.96,33637.46,33267.86,33596.8
6-April-2018,33608.59,33697.51,33501.37,33626.97
9-April-2018,33653.61,33846.5,33578.91,33788.54
10-April-2018,33880.11,33949.98,33813.3,33880.25
11-April-2018,33970.35,33981.54,33750.74,33940.44
12-April-2018,33987.55,34177.44,33924.88,34101.13
13-April-2018,34167.53,34313.14,34103.53,34192.65
16-April-2018,33944.73,34341.46,33899.34,34305.43
17-April-2018,34381.8,34434.14,34229.83,34395.06
18-April-2018,34443.42,34591.81,34270.04,34331.68
19-April-2018,34403.67,34478.82,34358.91,34427.29
20-April-2018,34434.14,34487.33,34311.29,34415.58
23-April-2018,34493.69,34663.95,34259.27,34450.77
24-April-2018,34491.38,34706.71,34465.49,34616.64
25-April-2018,34593.17,34631.27,34400.56,34501.27
26-April-2018,34532.95,34747.97,34505.62,34713.6
27-April-2018,34747.04,35065.37,34744.73,34969.7
30-April-2018,35021.2,35213.3,35004,35160.36
2-May-2018,35328.91,35357.15,35072.42,35176.42
3-May-2018,35257.31,35257.31,35020.08,35103.14
4-May-2018,35144.96,35206.55,34847.61,34915.38
7-May-2018,34983.59,35259.81,34977.74,35208.14
8-May-2018,35349.85,35388.87,35136.01,35216.32
9-May-2018,35198.08,35404.83,35134.2,35319.35
10-May-2018,35353.96,35500.76,35203.85,35246.27
11-May-2018,35287.99,35596.15,35262.06,35535.79
14-May-2018,35555.83,35642.72,35456.56,35556.71
15-May-2018,35537.85,35993.53,35497.92,35543.94
16-May-2018,35452.35,35543.89,35241.63,35387.88
17-May-2018,35483.62,35510.01,35087.82,35149.12
18-May-2018,35143.59,35163.11,34821.62,34848.3
21-May-2018,34873.16,34973.95,34593.82,34616.13
22-May-2018,34601.49,34754.6,34550.22,34651.24
23-May-2018,34656.63,34668.47,34302.89,34344.91
24-May-2018,34404.14,34741.46,34367.83,34663.11
25-May-2018,34753.47,35017.93,34700.52,34924.87
28-May-2018,35074.32,35240.96,35006.5,35165.48
29-May-2018,35213.14,35234.14,34922.18,34949.24
30-May-2018,34876.13,35017.45,34735.11,34906.11
31-May-2018,35083.81,35416.03,34926.08,35322.38
1-June-2018,35373.98,35438.22,35177.35,35227.26
4-June-2018,35503.24,35555.59,34982.25,35011.89
5-June-2018,35029.45,35073.12,34784.68,34903.21
6-June-2018,34932.49,35230.54,34896.37,35178.88
7-June-2018,35278.38,35628.49,35278.38,35463.08
8-June-2018,35406.47,35484.94,35260,35443.67
11-June-2018,35472.59,35704.84,35444.49,35483.47
12-June-2018,35525.3,35743.08,35479.07,35692.52
13-June-2018,35835.44,35877.41,35715.96,35739.16
14-June-2018,35743.1,35749.88,35488.55,35599.82
15-June-2018,35656.26,35675.2,35419.68,35622.14
18-June-2018,35698.43,35721.55,35518.73,35548.26
19-June-2018,35552.47,35552.47,35249.06,35286.74
20-June-2018,35329.61,35571.37,35329.51,35547.33
21-June-2018,35644.05,35678.69,35396.97,35432.39
22-June-2018,35428.42,35741.26,35344.49,35689.6
25-June-2018,35783.75,35806.97,35430.11,35470.35
26-June-2018,35355.72,35616.64,35338.09,35490.04
27-June-2018,35543.89,35618.85,35154.21,35217.11
28-June-2018,35207.19,35282.4,34937.15,35037.64
29-June-2018,35128.16,35459.05,35099.65,35423.48
2-July-2018,35545.22,35578.24,35106.57,35264.41
3-July-2018,35344.21,35445.21,35195.63,35378.6
4-July-2018,35385.52,35667.31,35309.67,35645.4
5-July-2018,35703.17,35748.26,35517.79,35574.55
6-July-2018,35543.66,35799.71,35532.21,35657.86
9-July-2018,35835.1,35977.37,35779.72,35934.72
10-July-2018,36068.27,36274.33,36019.63,36239.62
11-July-2018,36299.26,36362.3,36169.7,36265.93
12-July-2018,36424.23,36699.53,36422.08,36548.41
13-July-2018,36635.14,36740.07,36501.61,36541.63
16-July-2018,36658.71,36658.71,36298.94,36323.77
17-July-2018,36390.99,36549.55,36261.78,36519.96
18-July-2018,36722.41,36747.87,36320.92,36373.44
19-July-2018,36509.08,36515.58,36279.33,36351.23
20-July-2018,36377.03,36567.34,36335.61,36496.37
23-July-2018,36501.05,36749.69,36491.83,36718.6
24-July-2018,36859.39,36902.06,36709.72,36825.1
25-July-2018,36928.06,36947.18,36803.15,36858.23
26-July-2018,36928.38,37061.62,36852.53,36984.64
27-July-2018,37253.86,37368.62,37134.88,37336.85
30-July-2018,37491.39,37533.5,37292.45,37494.4
31-July-2018,37534.95,37644.59,37298.75,37606.58
1-August-2018,37643.87,37711.87,37432.91,37521.62
2-August-2018,37529.69,37529.69,37128.99,37165.16
3-August-2018,37327.16,37582.27,37319.61,37556.16
6-August-2018,37714.7,37805.25,37643.29,37691.89
7-August-2018,37849.21,37876.87,37586.88,37665.8
8-August-2018,37756.24,37931.42,37641.4,37887.56
9-August-2018,37994.51,38076.23,37939.28,38024.37
10-August-2018,38050.07,38051.45,37815.75,37869.23
13-August-2018,37693.19,37799.54,37559.26,37644.9
14-August-2018,37749.59,37932.4,37689.71,37852
16-August-2018,37796.01,37891.92,37634.13,37663.56
17-August-2018,37898.6,38022.32,37840.16,37947.88
20-August-2018,38075.07,38340.69,38050.69,38278.75
21-August-2018,38360.32,38402.96,38213.87,38285.75
23-August-2018,38416.65,38487.63,38227.36,38336.76
24-August-2018,38366.79,38429.5,38172.77,38251.8
27-August-2018,38472.03,38736.88,38416.73,38694.11
28-August-2018,38814.76,38938.91,38760.58,38896.63
29-August-2018,38989.65,38989.65,38679.57,38722.93
30-August-2018,38796.98,38819.06,38581.83,38690.1
31-August-2018,38704.84,38838.45,38562.21,38645.07
3-September-2018,38915.91,38934.35,38270.01,38312.52
4-September-2018,38460.96,38518.56,38098.6,38157.92
5-September-2018,38192.95,38250.61,37774.42,38018.31
6-September-2018,38161.85,38320.96,37912.5,38242.81
7-September-2018,38314.55,38421.56,38067.22,38389.82
10-September-2018,38348.39,38354.52,37882.83,37922.17
11-September-2018,38017.49,38043.27,37361.2,37413.13
12-September-2018,37546.42,37752.58,37342,37717.96
14-September-2018,37939.29,38125.62,37859.52,38090.64
17-September-2018,38027.81,38027.81,37548.93,37585.51
18-September-2018,37660.19,37745.44,37242.85,37290.67
19-September-2018,37432.93,37530.63,37062.69,37121.22
21-September-2018,37278.89,37489.24,35993.64,36841.6
24-September-2018,36924.72,36945.5,36216.95,36305.02
25-September-2018,36350.25,36705.79,36064.1,36652.06
26-September-2018,36936.64,36938.74,36357.93,36542.27
27-September-2018,36691.93,36711.62,36238.23,36324.17
28-September-2018,36452.74,36551.86,35985.63,36227.14
1-October-2018,36274.25,36616.64,35960.65,36526.14
3-October-2018,36602.85,36602.85,35911.82,35975.63
4-October-2018,35820.53,35820.53,35022.12,35169.16
5-October-2018,35097.99,35118.54,34202.22,34376.99
8-October-2018,34412.36,34636.43,33974.66,34474.38
9-October-2018,34651.82,34711.68,34233.5,34299.47
10-October-2018,34493.21,34858.35,34346.5,34760.89
11-October-2018,34063.82,34325.18,33723.53,34001.15
12-October-2018,34291.92,34808.42,34279.78,34733.58
15-October-2018,34971.83,35008.65,34559.98,34865.1
16-October-2018,35004.33,35215.79,34913.06,35162.48
17-October-2018,35543.38,35605.43,34727.16,34779.58
19-October-2018,34563.29,34563.29,34140.32,34315.63
22-October-2018,34689.39,34748.69,34082.76,34134.38
23-October-2018,33935.88,34073.92,33742.75,33847.23
24-October-2018,34203.7,34300.97,33726.07,34033.96
25-October-2018,33778.6,33838.76,33553.18,33690.09
26-October-2018,33776.8,33776.8,33291.58,33349.31
29-October-2018,33549.88,34154.6,33341.8,34067.4
30-October-2018,34068.92,34176.36,33799.79,33891.13
31-October-2018,33963.09,34463.38,33587.24,34442.05
1-November-2018,34650.63,34679.93,34303.38,34431.97
2-November-2018,34743.95,35190.2,34649.8,35011.65
5-November-2018,35118.62,35123.41,34811.6,34950.92
6-November-2018,35076.24,35196.03,34889.72,34991.91
7-November-2018,35301.88,35302.25,35183.17,35237.68
9-November-2018,35258.13,35287.29,35011.23,35158.55
12-November-2018,35287.49,35333.22,34756.8,34812.99
13-November-2018,34846.19,35187.75,34672.2,35144.49
14-November-2018,35330.14,35351.88,34986.86,35141.99
15-November-2018,35145.75,35402,35118.42,35260.54
16-November-2018,35398.7,35545.85,35324.37,35457.16
19-November-2018,35647.62,35818.83,35511.1,35774.88
20-November-2018,35730.77,35731.67,35416.18,35474.51
21-November-2018,35492.62,35494.25,35112.49,35199.8
22-November-2018,35282.33,35364.5,34937.98,34981.02
26-November-2018,35118.09,35397.24,34896.07,35354.08
27-November-2018,35394.77,35555.16,35262.97,35513.14
28-November-2018,35635.52,35822.16,35605.34,35716.95
29-November-2018,35997.29,36253.85,35946.24,36170.41
30-November-2018,36304.43,36389.22,36082.97,36194.3
3-December-2018,36396.69,36446.16,36099.68,36241
4-December-2018,36290.48,36295.84,36036.39,36134.31
5-December-2018,36035.65,36048.65,35777.81,35884.41
6-December-2018,35694.25,35707.23,35266.76,35312.13
7-December-2018,35494.86,35730.05,35378.27,35673.25
10-December-2018,35204.66,35246.97,34915.77,34959.72
11-December-2018,34584.13,35207.33,34426.29,35150.01
12-December-2018,35277.84,35826.58,35167.47,35779.07
13-December-2018,36024.88,36095.56,35794.51,35929.64
14-December-2018,35960.19,36019.02,35813.85,35962.93
17-December-2018,36129.13,36312.31,36123.62,36270.07
18-December-2018,36226.38,36375.38,36046.52,36347.08
19-December-2018,36441.46,36554.99,36381.87,36484.33
20-December-2018,36321.18,36475.52,36202.9,36431.67
21-December-2018,36449.27,36483.49,35694.74,35742.07
24-December-2018,35859.66,35910.67,35423.24,35470.15
26-December-2018,35443.16,35711.26,35010.82,35649.94
27-December-2018,36002.11,36041.24,35781.95,35807.28
28-December-2018,35911.99,36194.78,35911.99,36076.72
31-December-2018,36239.19,36285.46,36033.95,36068.33
1-January-2019,36161.8,36284.04,35888.62,36254.57
2-January-2019,36198.13,36236.7,35734.01,35891.52
3-January-2019,35934.5,35999.66,35475.57,35513.71
4-January-2019,35590.79,35744.2,35382.08,35695.1
7-January-2019,35971.18,36076.95,35809.23,35850.16
8-January-2019,35964.62,36037.35,35753.95,35980.93
9-January-2019,36181.37,36250.54,35863.29,36212.91
10-January-2019,36258,36269.31,36070.76,36106.5
11-January-2019,36191.87,36214.26,35840.6,36009.84
14-January-2019,36113.27,36124.94,35691.75,35853.56
15-January-2019,35950.08,36349.31,35950.08,36318.33
16-January-2019,36370.74,36462.03,36278.61,36321.29
17-January-2019,36413.6,36468.42,36170.8,36374.08
18-January-2019,36417.58,36469.98,36218.33,36386.61
21-January-2019,36467.12,36701.03,36351.77,36578.96
22-January-2019,36649.92,36650.47,36282.93,36444.64
23-January-2019,36494.12,36521.47,36037.9,36108.47
24-January-2019,36146.55,36258.28,35996.68,36195.1
25-January-2019,36245.77,36474.48,35953.15,36025.54
28-January-2019,36099.62,36124.26,35565.15,35656.7
29-January-2019,35716.72,35734.14,35375.51,35592.5
30-January-2019,35819.67,35850.41,35490.97,35591.25
31-January-2019,35805.51,36278.13,35740.07,36256.69
1-February-2019,36311.74,36778.14,36221.32,36469.43
4-February-2019,36456.22,36622.77,36225.48,36582.74
5-February-2019,36573.04,36727.83,36495.83,36616.81
6-February-2019,36714.54,37005.25,36680.88,36975.23
7-February-2019,37026.56,37172.18,36898.8,36971.09
8-February-2019,36873.59,36885.58,36480.62,36546.48
11-February-2019,36585.5,36588.41,36300.48,36395.03
12-February-2019,36405.72,36465.4,36113.91,36153.62
13-February-2019,36279.63,36375.8,35962.68,36034.11
14-February-2019,36065.08,36109.1,35799.42,35876.22
15-February-2019,35985.68,36022.57,35510.97,35808.95
18-February-2019,35831.18,35912.44,35470.76,35498.44
19-February-2019,35543.24,35776.04,35287.16,35352.61
20-February-2019,35564.93,35797.11,35469.49,35756.26
21-February-2019,35837,35983.07,35707.29,35898.35
22-February-2019,35906.01,35941.69,35795.79,35871.48
25-February-2019,35983.8,36242.18,35901.06,36213.38
26-February-2019,35975.75,36172.52,35714.16,35973.71
27-February-2019,36138.83,36371.11,35735.33,35905.43
28-February-2019,36025.72,36085.85,35829.15,35867.44
1-March-2019,36018.49,36140.67,35952.41,36063.81
5-March-2019,36141.07,36457.44,35926.94,36442.54
6-March-2019,36544.86,36666.47,36456.82,36636.1
7-March-2019,36744.02,36830.25,36590.88,36725.42
8-March-2019,36753.59,36753.59,36592.93,36671.43
11-March-2019,36741.57,37106.19,36726.39,37054.1
12-March-2019,37249.65,37586.63,37230.85,37535.66
13-March-2019,37608.29,37797.29,37478.87,37752.17
14-March-2019,37840.64,37907.78,37693.69,37754.89
15-March-2019,37760.23,38254.77,37760.23,38024.32
18-March-2019,38132.96,38369.59,37952.1,38095.07
19-March-2019,38218.59,38396.06,38078.23,38363.47
20-March-2019,38433.86,38489.81,38316.21,38386.75
22-March-2019,38452.47,38564.71,38089.36,38164.61
25-March-2019,38016.76,38016.76,37667.4,37808.91
26-March-2019,37886.29,38297.7,37800.08,38233.41
27-March-2019,38372.03,38475.93,38001.34,38132.88
28-March-2019,38208.3,38593.65,38148.44,38545.72
29-March-2019,38675,38748.54,38546.68,38672.91
1-April-2019,38858.88,39115.57,38808.74,38871.87
2-April-2019,38988.57,39121.69,38846.96,39056.65
3-April-2019,39167.05,39270.14,38826.56,38877.12
4-April-2019,38935.75,38939.35,38581.04,38684.72
5-April-2019,38839.52,38958.6,38701.04,38862.23
8-April-2019,38993.6,39041.25,38520.96,38700.53
9-April-2019,38730.93,38978.99,38598.72,38939.22
10-April-2019,38898.6,38950.45,38542.28,38585.35
11-April-2019,38621.58,38649.98,38460.25,38607.01
12-April-2019,38692.06,38818.87,38554.79,38767.11
15-April-2019,38805.54,38976.58,38780.08,38905.84
16-April-2019,39040.3,39364.34,39038.81,39275.64
18-April-2019,39420.04,39487.45,39083.16,39140.28
22-April-2019,39158.22,39158.22,38585.65,38645.18
23-April-2019,38771.27,38832.61,38518.26,38564.88
24-April-2019,38672.63,39095.35,38571,39054.68
25-April-2019,39101.78,39262.22,38663.98,38730.86
26-April-2019,38865.83,39103.16,38765.33,39067.33
30-April-2019,39056.92,39105.88,38753.46,39031.55
2-May-2019,39036.51,39189.95,38882.99,38981.43
3-May-2019,39009.55,39172.76,38920.17,38963.26
6-May-2019,38719.33,38719.33,38509.79,38600.34
7-May-2019,38815.46,38835.54,38236.18,38276.63
8-May-2019,38244.18,38248.57,37743.07,37789.13
9-May-2019,37747.91,37780.46,37405.4,37558.91
10-May-2019,37632.36,37721.98,37370.39,37462.99
13-May-2019,37491.3,37583.57,36999.84,37090.82
14-May-2019,37146.58,37572.7,36956.1,37318.53
15-May-2019,37539.05,37559.67,37047.87,37114.88
16-May-2019,37179.13,37518.94,37052.3,37393.48
17-May-2019,37494.42,38001.13,37415.36,37930.77
20-May-2019,38701.18,39412.56,38570.04,39352.67
21-May-2019,39449.45,39571.73,38884.85,38969.8
22-May-2019,39086.21,39249.08,38903.87,39110.21
23-May-2019,39591.77,40124.96,38651.61,38811.39
24-May-2019,39076.28,39476.97,38824.26,39434.72
27-May-2019,39536.23,39821.94,39353.16,39683.29
28-May-2019,39765.64,39828.65,39498.65,39749.73
29-May-2019,39714.27,39767.93,39420.5,39502.05
30-May-2019,39580.28,39911.92,39500.56,39831.97
31-May-2019,39998.91,40122.34,39374.24,39714.2
3-June-2019,39806.86,40308.9,39711.02,40267.62
4-June-2019,40196,40312.07,40031.05,40083.54
6-June-2019,40136.43,40159.26,39481.15,39529.72
7-June-2019,39581.77,39703.1,39279.47,39615.9
10-June-2019,39787.33,39979.48,39619.97,39784.52
11-June-2019,39900.45,40066.31,39760.02,39950.46
12-June-2019,39974.18,39982.1,39623.53,39756.81
13-June-2019,39679.35,39800.81,39461.27,39741.36
14-June-2019,39797,39799.9,39363.45,39452.07
17-June-2019,39514.36,39540.42,38911.49,38960.79
18-June-2019,39056.98,39167.83,38870.96,39046.34
19-June-2019,39176.56,39435.8,38881.05,39112.74
20-June-2019,39042.96,39638.64,38933.78,39601.63
21-June-2019,39608.25,39617.95,39121.3,39194.49
24-June-2019,39160.23,39300.02,39021.7,39122.96
25-June-2019,39131.94,39490.64,38946.04,39434.94
26-June-2019,39379.13,39674.22,39319.64,39592.08
27-June-2019,39633.97,39817.22,39510.44,39586.41
28-June-2019,39630.52,39675.25,39361.92,39394.64
1-July-2019,39543.73,39764.82,39541.09,39686.5
2-July-2019,39811.68,39838.49,39499.19,39816.48
3-July-2019,39907.57,39934.99,39732.38,39839.25
4-July-2019,39917.65,39979.1,39858.33,39908.06
5-July-2019,39990.4,40032.41,39441.38,39513.39
8-July-2019,39476.38,39476.38,38605.48,38720.57
9-July-2019,38754.47,38814.23,38435.87,38730.82
10-July-2019,38701.99,38854.85,38474.66,38557.04
11-July-2019,38751.62,38892.5,38631.31,38823.11
12-July-2019,38941.1,39021.84,38684.85,38736.23
15-July-2019,39009.95,39023.97,38696.6,38896.71
16-July-2019,38961.86,39173.89,38845.27,39131.04
17-July-2019,39171.1,39284.73,39081.14,39215.64
18-July-2019,39204.47,39204.47,38861.25,38897.46
19-July-2019,39058.73,39058.73,38271.35,38337.01
22-July-2019,38333.52,38333.52,37890.32,38031.13
23-July-2019,38138.56,38217.81,37898.9,37982.74
24-July-2019,37990.23,38102.84,37708.41,37847.65
25-July-2019,37935.02,38169.87,37775.51,37830.98
26-July-2019,37831.18,37978.07,37690.47,37882.79
29-July-2019,38043.22,38043.22,37519.16,37686.37
30-July-2019,37735.54,37950.21,37359.03,37397.24
31-July-2019,37257.55,37576.37,37128.26,37481.12
1-August-2019,37387.18,37387.18,36694.18,37018.32
2-August-2019,36920.11,37375.16,36607.41,37118.22
5-August-2019,36842.17,36844.05,36416.79,36699.84
6-August-2019,36568.03,37241.77,36536.59,36976.85
7-August-2019,37025.27,37104.79,36610.57,36690.5
8-August-2019,36808.01,37405.48,36655.41,37327.36
9-August-2019,37521.3,37807.55,37406.26,37581.91
13-August-2019,37755.16,37755.16,36888.49,36958.16
14-August-2019,37233.5,37473.61,37000.77,37311.53
16-August-2019,37383,37444.45,36974.41,37350.33
19-August-2019,37485.92,37718.88,37358.49,37402.49
20-August-2019,37441.75,37511.55,37219.9,37328.01
21-August-2019,37298.73,37406.55,37022.52,37060.37
22-August-2019,37087.58,37087.58,36391.35,36472.93
23-August-2019,36387.68,36807.34,36102.35,36701.16
26-August-2019,37363.95,37544.48,36492.65,37494.12
27-August-2019,37658.48,37731.51,37449.69,37641.27
28-August-2019,37655.77,37687.82,37249.19,37451.84
29-August-2019,37381.8,37381.8,36987.35,37068.93
30-August-2019,37222.26,37397.97,36829.81,37332.79
3-September-2019,37181.76,37188.38,36466.01,36562.91
4-September-2019,36575.24,36776.31,36409.54,36724.74
5-September-2019,36821.71,36898.99,36541.88,36644.42
6-September-2019,36785.59,37012.98,36727.66,36981.77
9-September-2019,36969.48,37244.08,36784.47,37145.45
11-September-2019,37251.03,37343.46,37193.57,37270.82
12-September-2019,37330.47,37435.15,37048.67,37104.28
13-September-2019,37175.86,37413.5,37000.09,37384.99
16-September-2019,37204.56,37302.06,37028.94,37123.31
17-September-2019,37169.46,37169.56,36419.09,36481.09
18-September-2019,36621.38,36712.99,36465.92,36563.88
19-September-2019,36613.93,36613.93,35987.8,36093.47
20-September-2019,36214.92,38378.02,36085.74,38014.62
23-September-2019,38844,39441.12,38674.04,39090.03
24-September-2019,39135.28,39306.37,38913.06,39097.14
25-September-2019,39087.2,39087.2,38510.97,38593.52
26-September-2019,38700.48,39158.07,38676.11,38989.74
27-September-2019,39003.13,39107.37,38782.6,38822.57
30-September-2019,38873.12,38873.12,38401.09,38667.33
1-October-2019,38813.48,38923.78,37929.89,38305.41
3-October-2019,38137.87,38310.93,37957.56,38106.87
4-October-2019,38401.49,38403.54,37633.36,37673.31
7-October-2019,37853.8,37919.47,37480.53,37531.98
9-October-2019,37628.05,38209.84,37415.83,38177.95
10-October-2019,38130.23,38130.23,37802.93,37880.4
11-October-2019,37994.48,38345.41,37737.85,38127.08
14-October-2019,38208.24,38513.69,38066.13,38214.47
15-October-2019,38316.49,38635.19,38238.27,38506.09
16-October-2019,38637.05,38666.38,38416.67,38598.99
17-October-2019,38647.44,39104.69,38557.43,39052.06
18-October-2019,39087.83,39361.06,38963.6,39298.38
22-October-2019,39233.4,39426.47,38924.85,38963.84
23-October-2019,39063.84,39196.67,38866.08,39058.83
24-October-2019,39223.01,39327.15,38840.76,39020.39
25-October-2019,39201.67,39241.61,38718.27,39058.06
27-October-2019,39397.37,39402.23,39180.39,39250.2
29-October-2019,39293.49,39917.01,39254.12,39831.84
30-October-2019,40055.63,40178.12,39805.11,40051.87
31-October-2019,40211.99,40392.22,40054.89,40129.05
1-November-2019,40196.07,40283.3,40014.23,40165.03
4-November-2019,40293.85,40483.21,40186.29,40301.96
5-November-2019,40445.67,40466.55,40053.55,40248.23
6-November-2019,40311.85,40606.91,40037.53,40469.78
7-November-2019,40625.64,40688.27,40421.07,40653.74
8-November-2019,40630.56,40749.33,40263.94,40323.61
11-November-2019,40316.5,40417.44,40150.97,40345.08
13-November-2019,40346.43,40447.17,40061.23,40116.06
14-November-2019,40178.93,40348.61,40026.99,40286.48
15-November-2019,40408.2,40650.06,40308.09,40356.69
18-November-2019,40431.08,40542.4,40221.97,40284.19
19-November-2019,40455.36,40544.13,40290.21,40469.7
20-November-2019,40729.8,40816.38,40575.96,40651.64
21-November-2019,40737.31,40744.85,40534.12,40575.17
22-November-2019,40653.17,40653.17,40276.83,40359.41
25-November-2019,40439.66,40931.71,40393.9,40889.23
26-November-2019,41022.85,41120.28,40710.2,40821.3
27-November-2019,40979.39,41075.76,40848.7,41020.61
28-November-2019,41161.54,41163.79,40996.08,41130.17
29-November-2019,41138.26,41143.22,40664.18,40793.81
2-December-2019,41072.94,41093.99,40707.63,40802.17
3-December-2019,40852.61,40885.03,40554.04,40675.45
4-December-2019,40606.01,40886.87,40475.83,40850.29
5-December-2019,40988.14,41002.41,40720.17,40779.59
6-December-2019,40952.13,40952.13,40337.53,40445.15
9-December-2019,40527.24,40645.63,40336.56,40487.43
10-December-2019,40588.81,40588.81,40208.7,40239.88
11-December-2019,40285.2,40466.13,40135.37,40412.57
12-December-2019,40561.34,40712.65,40490.69,40581.71
13-December-2019,40754.82,41055.8,40736.7,41009.71
16-December-2019,41168.85,41185.03,40917.93,40938.72
17-December-2019,41052.36,41401.65,41005.18,41352.17
18-December-2019,41442.75,41614.77,41358.47,41558.57
19-December-2019,41571.82,41719.29,41456.4,41673.92
20-December-2019,41746.2,41809.96,41636.11,41681.54
23-December-2019,41548.26,41701.62,41474.61,41642.66
24-December-2019,41684.51,41702.98,41423.07,41461.26
26-December-2019,41543.8,41543.8,41132.89,41163.76
27-December-2019,41297.08,41611.27,41264.92,41575.14
30-December-2019,41686.27,41714.73,41453.38,41558
31-December-2019,41607.49,41607.49,41184.73,41253.74
1-January-2020,41349.36,41443.52,41251.18,41306.02
2-January-2020,41340.27,41649.29,41328.45,41626.64
3-January-2020,41634.51,41636.18,41348.68,41464.61
6-January-2020,41378.34,41378.34,40613.96,40676.63
7-January-2020,40983.04,41230.14,40727.37,40869.47
8-January-2020,40574.83,40866.36,40476.55,40817.74
9-January-2020,41216.67,41482.12,41175.72,41452.35
10-January-2020,41568.2,41775.11,41447.8,41599.72
13-January-2020,41788.21,41899.63,41720.76,41859.69
14-January-2020,41883.09,41994.26,41770.9,41952.63
15-January-2020,41969.86,41969.86,41648.11,41872.73
16-January-2020,41924.74,42059.45,41812.28,41932.56
17-January-2020,41929.02,42063.93,41850.29,41945.37
20-January-2020,42263,42273.87,41503.37,41528.91
21-January-2020,41487.57,41532.59,41294.3,41323.81
22-January-2020,41467.13,41532.29,41059.04,41115.38
23-January-2020,41191.5,41413.96,41098.91,41386.4
24-January-2020,41377.04,41697.03,41275.6,41613.19
